m,n,poly,seed,sub_idx,matrix_idx,true_rank,target_k,selector,u_method,generation_ms,selection_ms,extraction_ms,u_ms,verification_ms,total_ms,fnorm,optimal_fnorm,error_ratio,score,u_bytes,status
4097,4150,false,0,0,0,4097,341,matrix_norms,intersection_inverse,245.592310000,1.730334000,0.155985000,21.587552000,1.067623000,24.541494000,15.644490242,0.238158822,65.689316510,1.000000000,465124,ok
4097,4150,false,0,0,0,4097,341,matrix_norms,svd_pseudoinverse,245.592310000,1.730334000,0.155985000,103.270104000,1.073732000,106.230155000,0.624736845,0.238158822,2.623194220,1.000000000,465124,ok
4097,4150,false,0,0,0,4097,341,randomized_range,intersection_inverse,245.592310000,15.886255000,0.170252000,20.229810000,1.133759000,37.420076000,10.222455978,0.238158822,42.922852448,1.000000000,465124,ok
4097,4150,false,0,0,0,4097,341,randomized_range,svd_pseudoinverse,245.592310000,15.886255000,0.170252000,102.335245000,1.084386000,119.476138000,0.624943733,0.238158822,2.624062917,1.000000000,465124,ok
4097,4150,false,0,1,0,4097,204,matrix_norms,intersection_inverse,245.592310000,1.780791000,0.157118000,4.296665000,0.972730000,7.207304000,39.342823029,0.497880459,79.020620976,1.000000000,166464,ok
4097,4150,false,0,1,0,4097,204,matrix_norms,svd_pseudoinverse,245.592310000,1.780791000,0.157118000,50.645240000,1.181775000,53.764924000,1.134666800,0.497880459,2.278994446,1.000000000,166464,ok
4097,4150,false,0,1,0,4097,204,randomized_range,intersection_inverse,245.592310000,10.834671000,0.242708000,4.136033000,0.899523000,16.112935000,24.948394775,0.497880459,50.109206603,1.000000000,166464,ok
4097,4150,false,0,1,0,4097,204,randomized_range,svd_pseudoinverse,245.592310000,10.834671000,0.242708000,51.778349000,1.083866000,63.939594000,1.135875821,0.497880459,2.281422781,1.000000000,166464,ok
4097,4150,false,0,2,1,2049,170,matrix_norms,intersection_inverse,245.592310000,1.669443000,0.141812000,2.396026000,0.851252000,5.058533000,3.354680538,0.169633135,19.776092296,1.000000000,115600,ok
4097,4150,false,0,2,1,2049,170,matrix_norms,svd_pseudoinverse,245.592310000,1.669443000,0.141812000,37.954049000,1.125372000,40.890676000,0.443809241,0.169633135,2.616288619,1.000000000,115600,ok
4097,4150,false,0,2,1,2049,170,randomized_range,intersection_inverse,245.592310000,9.174962000,0.165624000,2.459161000,0.838420000,12.638167000,10.608299255,0.169633135,62.536716325,1.000000000,115600,ok
4097,4150,false,0,2,1,2049,170,randomized_range,svd_pseudoinverse,245.592310000,9.174962000,0.165624000,37.211215000,1.052034000,47.603835000,0.444128424,0.169633135,2.618170226,1.000000000,115600,ok
4097,4150,false,0,3,1,2049,102,matrix_norms,intersection_inverse,245.592310000,1.778479000,0.105645000,0.630091000,0.761473000,3.275688000,192.274002075,0.353119880,544.500644077,0.189164147,41616,ok
4097,4150,false,0,3,1,2049,102,matrix_norms,svd_pseudoinverse,245.592310000,1.778479000,0.105645000,21.549766000,0.797054000,24.230944000,0.798988581,0.353119880,2.262655336,1.000000000,41616,ok
4097,4150,false,0,3,1,2049,102,randomized_range,intersection_inverse,245.592310000,6.202151000,0.140634000,0.569634000,0.710662000,7.623081000,83.779151917,0.353119880,237.254135694,0.434133634,41616,ok
4097,4150,false,0,3,1,2049,102,randomized_range,svd_pseudoinverse,245.592310000,6.202151000,0.140634000,19.464999000,0.772441000,26.580225000,0.798188150,0.353119880,2.260388597,1.000000000,41616,ok
4097,4150,false,0,4,1,2049,341,matrix_norms,intersection_inverse,245.592310000,1.710762000,0.147736000,19.853057000,1.025752000,22.737307000,8.998968124,0.041730363,215.645575410,1.000000000,465124,ok
4097,4150,false,0,4,1,2049,341,matrix_norms,svd_pseudoinverse,245.592310000,1.710762000,0.147736000,96.673193000,1.396210000,99.927901000,0.131867334,0.041730363,3.159985320,1.000000000,465124,ok
4097,4150,false,0,4,1,2049,341,randomized_range,intersection_inverse,245.592310000,15.922315000,0.243879000,19.116387000,1.061284000,36.343865000,6.134490967,0.041730363,147.003058139,1.000000000,465124,ok
4097,4150,false,0,4,1,2049,341,randomized_range,svd_pseudoinverse,245.592310000,15.922315000,0.243879000,98.954983000,1.303585000,116.424762000,0.132069260,0.041730363,3.164824138,1.000000000,465124,ok
4097,4150,false,0,5,1,2049,204,matrix_norms,intersection_inverse,245.592310000,1.856159000,0.174118000,4.028851000,0.915198000,6.974326000,8.900435448,0.123552322,72.037783473,1.000000000,166464,ok
4097,4150,false,0,5,1,2049,204,matrix_norms,svd_pseudoinverse,245.592310000,1.856159000,0.174118000,50.355093000,1.066126000,53.451496000,0.337893069,0.123552322,2.734817624,1.000000000,166464,ok
4097,4150,false,0,5,1,2049,204,randomized_range,intersection_inverse,245.592310000,10.570136000,0.158680000,3.659424000,0.857737000,15.245977000,3.736350775,0.123552322,30.241040416,1.000000000,166464,ok
4097,4150,false,0,5,1,2049,204,randomized_range,svd_pseudoinverse,245.592310000,10.570136000,0.158680000,49.732410000,1.053981000,61.515207000,0.337971956,0.123552322,2.735456113,1.000000000,166464,ok
4097,4150,false,0,6,2,1025,85,matrix_norms,intersection_inverse,245.592310000,1.725283000,0.113968000,0.412206000,0.770755000,3.022212000,2.164322138,0.120530151,17.956686546,1.000000000,28900,ok
4097,4150,false,0,6,2,1025,85,matrix_norms,svd_pseudoinverse,245.592310000,1.725283000,0.113968000,16.436984000,0.767059000,19.043294000,0.315079242,0.120530151,2.614111405,1.000000000,28900,ok
4097,4150,false,0,6,2,1025,85,randomized_range,intersection_inverse,245.592310000,5.689718000,0.147390000,0.372128000,0.682910000,6.892146000,1.761570334,0.120530151,14.615184021,1.000000000,28900,ok
4097,4150,false,0,6,2,1025,85,randomized_range,svd_pseudoinverse,245.592310000,5.689718000,0.147390000,15.051530000,0.728701000,21.617339000,0.315225601,0.120530151,2.615325701,1.000000000,28900,ok
4097,4150,false,0,7,2,1025,51,matrix_norms,intersection_inverse,245.592310000,1.727658000,0.094437000,0.131304000,0.709822000,2.663221000,6.898815632,0.251202792,27.463132790,1.000000000,10404,ok
4097,4150,false,0,7,2,1025,51,matrix_norms,svd_pseudoinverse,245.592310000,1.727658000,0.094437000,8.434344000,0.701653000,10.958092000,0.551713347,0.251202792,2.196286686,1.000000000,10404,ok
4097,4150,false,0,7,2,1025,51,randomized_range,intersection_inverse,245.592310000,4.586251000,0.109995000,0.121977000,0.645309000,5.463532000,5.645418167,0.251202792,22.473548657,1.000000000,10404,ok
4097,4150,false,0,7,2,1025,51,randomized_range,svd_pseudoinverse,245.592310000,4.586251000,0.109995000,8.078156000,0.715434000,13.489836000,0.553431571,0.251202792,2.203126670,1.000000000,10404,ok
4097,4150,false,0,8,2,1025,170,matrix_norms,intersection_inverse,245.592310000,1.739626000,0.160176000,2.382536000,0.820205000,5.102543000,2.267045736,0.029823966,76.014226668,1.000000000,115600,ok
4097,4150,false,0,8,2,1025,170,matrix_norms,svd_pseudoinverse,245.592310000,1.739626000,0.160176000,34.323716000,0.887276000,37.110794000,0.095945142,0.029823966,3.217048369,1.000000000,115600,ok
4097,4150,false,0,8,2,1025,170,randomized_range,intersection_inverse,245.592310000,8.947257000,0.155294000,2.283263000,0.812979000,12.198793000,2.267045736,0.029823966,76.014226668,1.000000000,115600,ok
4097,4150,false,0,8,2,1025,170,randomized_range,svd_pseudoinverse,245.592310000,8.947257000,0.155294000,31.857790000,0.858700000,41.819041000,0.095945157,0.029823966,3.217048868,1.000000000,115600,ok
4097,4150,false,0,9,2,1025,102,matrix_norms,intersection_inverse,245.592310000,1.688357000,0.142182000,0.605146000,0.716829000,3.152514000,2.400238991,0.087755352,27.351482605,1.000000000,41616,ok
4097,4150,false,0,9,2,1025,102,matrix_norms,svd_pseudoinverse,245.592310000,1.688357000,0.142182000,18.427839000,0.754474000,21.012852000,0.238570884,0.087755352,2.718590693,1.000000000,41616,ok
4097,4150,false,0,9,2,1025,102,randomized_range,intersection_inverse,245.592310000,6.196629000,0.146761000,0.606498000,0.682578000,7.632466000,2.259313345,0.087755352,25.745590289,1.000000000,41616,ok
4097,4150,false,0,9,2,1025,102,randomized_range,svd_pseudoinverse,245.592310000,6.196629000,0.146761000,18.212734000,0.764838000,25.320962000,0.239312321,0.087755352,2.727039603,1.000000000,41616,ok
4097,4150,false,0,10,2,1025,341,matrix_norms,intersection_inverse,245.592310000,1.631886000,0.160407000,19.242130000,1.039345000,22.073768000,0.214922875,0.003861315,55.660534714,1.000000000,465124,ok
4097,4150,false,0,10,2,1025,341,matrix_norms,svd_pseudoinverse,245.592310000,1.631886000,0.160407000,92.624254000,1.342044000,95.758591000,0.014647220,0.003861315,3.793324053,1.000000000,465124,ok
4097,4150,false,0,10,2,1025,341,randomized_range,intersection_inverse,245.592310000,15.972641000,0.249906000,19.248422000,1.208059000,36.679028000,0.214922875,0.003861315,55.660534714,1.000000000,465124,ok
4097,4150,false,0,10,2,1025,341,randomized_range,svd_pseudoinverse,245.592310000,15.972641000,0.249906000,95.413366000,1.307425000,112.943338000,0.014647220,0.003861315,3.793324053,1.000000000,465124,ok
4097,4150,false,0,11,2,1025,204,matrix_norms,intersection_inverse,245.592310000,1.873296000,0.164730000,3.922770000,0.887012000,6.847808000,4.997112751,0.018753905,266.457188045,0.769354362,166464,ok
4097,4150,false,0,11,2,1025,204,matrix_norms,svd_pseudoinverse,245.592310000,1.873296000,0.164730000,48.520714000,1.046739000,51.605479000,0.061894689,0.018753905,3.300362738,1.000000000,166464,ok
4097,4150,false,0,11,2,1025,204,randomized_range,intersection_inverse,245.592310000,10.566954000,0.159562000,3.835692000,0.854707000,15.416915000,4.997112751,0.018753905,266.457188045,0.769354362,166464,ok
4097,4150,false,0,11,2,1025,204,randomized_range,svd_pseudoinverse,245.592310000,10.566954000,0.159562000,48.420571000,1.096823000,60.243910000,0.061894685,0.018753905,3.300362539,1.000000000,166464,ok
4097,4150,false,0,12,3,513,85,matrix_norms,intersection_inverse,245.592310000,1.697850000,0.120056000,0.383786000,0.722636000,2.924328000,0.751166284,0.021238355,35.368383535,1.000000000,28900,ok
4097,4150,false,0,12,3,513,85,matrix_norms,svd_pseudoinverse,245.592310000,1.697850000,0.120056000,15.882528000,0.734613000,18.435047000,0.066623040,0.021238355,3.136920899,1.000000000,28900,ok
4097,4150,false,0,12,3,513,85,randomized_range,intersection_inverse,245.592310000,5.652078000,0.110250000,0.346319000,0.669577000,6.778224000,0.751166284,0.021238355,35.368383535,1.000000000,28900,ok
4097,4150,false,0,12,3,513,85,randomized_range,svd_pseudoinverse,245.592310000,5.652078000,0.110250000,14.656441000,0.744964000,21.163733000,0.066623032,0.021238355,3.136920548,1.000000000,28900,ok
4097,4150,false,0,13,3,513,51,matrix_norms,intersection_inverse,245.592310000,1.715298000,0.110299000,0.145611000,0.672435000,2.643643000,1.064611554,0.062606543,17.004796911,1.000000000,10404,ok
4097,4150,false,0,13,3,513,51,matrix_norms,svd_pseudoinverse,245.592310000,1.715298000,0.110299000,8.068200000,0.736340000,10.630137000,0.176217467,0.062606543,2.814681298,1.000000000,10404,ok
4097,4150,false,0,13,3,513,51,randomized_range,intersection_inverse,245.592310000,4.532301000,0.106335000,0.145782000,0.658969000,5.443387000,1.064611435,0.062606543,17.004795007,1.000000000,10404,ok
4097,4150,false,0,13,3,513,51,randomized_range,svd_pseudoinverse,245.592310000,4.532301000,0.106335000,7.936307000,0.704428000,13.279371000,0.176217467,0.062606543,2.814681298,1.000000000,10404,ok
4097,4150,false,0,14,3,513,170,matrix_norms,intersection_inverse,245.592310000,1.712381000,0.153487000,2.452471000,0.822736000,5.141075000,0.126425490,0.002772897,45.593290936,1.000000000,115600,ok
4097,4150,false,0,14,3,513,170,matrix_norms,svd_pseudoinverse,245.592310000,1.712381000,0.153487000,33.657435000,0.885584000,36.408887000,0.010589516,0.002772897,3.818936159,1.000000000,115600,ok
4097,4150,false,0,14,3,513,170,randomized_range,intersection_inverse,245.592310000,8.987946000,0.160902000,2.414812000,0.806324000,12.369984000,0.126425490,0.002772897,45.593290936,1.000000000,115600,ok
4097,4150,false,0,14,3,513,170,randomized_range,svd_pseudoinverse,245.592310000,8.987946000,0.160902000,30.843392000,0.825556000,40.817796000,0.010589516,0.002772897,3.818936159,1.000000000,115600,ok
4097,4150,false,0,15,3,513,102,matrix_norms,intersection_inverse,245.592310000,1.725111000,0.156439000,0.575008000,0.709386000,3.165944000,1.470747471,0.013347575,110.188369414,0.934762902,41616,ok
4097,4150,false,0,15,3,513,102,matrix_norms,svd_pseudoinverse,245.592310000,1.725111000,0.156439000,18.129310000,0.744057000,20.754917000,0.044790544,0.013347575,3.355706580,1.000000000,41616,ok
4097,4150,false,0,15,3,513,102,randomized_range,intersection_inverse,245.592310000,6.123376000,0.140212000,0.560993000,0.685810000,7.510391000,1.470747352,0.013347575,110.188360483,0.934762978,41616,ok
4097,4150,false,0,15,3,513,102,randomized_range,svd_pseudoinverse,245.592310000,6.123376000,0.140212000,17.970340000,0.761418000,24.995346000,0.044790525,0.013347575,3.355705185,1.000000000,41616,ok
4097,4150,false,0,16,4,257,85,matrix_norms,intersection_inverse,245.592310000,1.770199000,0.127162000,0.383462000,0.701051000,2.981874000,0.181510344,0.001980891,91.630636315,0.938550723,28900,ok
4097,4150,false,0,16,4,257,85,matrix_norms,svd_pseudoinverse,245.592310000,1.770199000,0.127162000,14.604065000,0.703545000,17.204971000,0.007535610,0.001980891,3.804151077,1.000000000,28900,ok
4097,4150,false,0,16,4,257,85,randomized_range,intersection_inverse,245.592310000,5.597878000,0.128087000,0.345896000,0.663676000,6.735537000,0.181510344,0.001980891,91.630636315,0.938550723,28900,ok
4097,4150,false,0,16,4,257,85,randomized_range,svd_pseudoinverse,245.592310000,5.597878000,0.128087000,14.453682000,0.727860000,20.907507000,0.007535610,0.001980891,3.804151077,1.000000000,28900,ok
4097,4150,false,0,17,4,257,51,matrix_norms,intersection_inverse,245.592310000,1.771340000,0.126179000,0.129207000,0.698133000,2.724859000,0.218569040,0.009561076,22.860297754,1.000000000,10404,ok
4097,4150,false,0,17,4,257,51,matrix_norms,svd_pseudoinverse,245.592310000,1.771340000,0.126179000,7.933313000,0.701215000,10.532047000,0.032735739,0.009561076,3.423855170,1.000000000,10404,ok
4097,4150,false,0,17,4,257,51,randomized_range,intersection_inverse,245.592310000,4.576270000,0.117604000,0.129536000,0.673174000,5.496584000,0.218569040,0.009561076,22.860297754,1.000000000,10404,ok
4097,4150,false,0,17,4,257,51,randomized_range,svd_pseudoinverse,245.592310000,4.576270000,0.117604000,7.884002000,0.713459000,13.291335000,0.032735739,0.009561076,3.423855170,1.000000000,10404,ok
4097,4150,false,1,0,0,4097,341,matrix_norms,intersection_inverse,154.329425000,1.736473000,0.162910000,18.332663000,1.093126000,21.325172000,75.366264343,0.238158822,316.453800416,1.000000000,465124,ok
4097,4150,false,1,0,0,4097,341,matrix_norms,svd_pseudoinverse,154.329425000,1.736473000,0.162910000,98.772646000,1.356087000,102.028116000,0.625849009,0.238158822,2.627864058,1.000000000,465124,ok
4097,4150,false,1,0,0,4097,341,randomized_range,intersection_inverse,154.329425000,15.922162000,0.275829000,19.328916000,1.078785000,36.605692000,17.034778595,0.238158822,71.526968632,1.000000000,465124,ok
4097,4150,false,1,0,0,4097,341,randomized_range,svd_pseudoinverse,154.329425000,15.922162000,0.275829000,103.564762000,1.355795000,121.118548000,0.626310170,0.238158822,2.629800418,1.000000000,465124,ok
4097,4150,false,1,1,0,4097,204,matrix_norms,intersection_inverse,154.329425000,1.896932000,0.173894000,4.105249000,0.898547000,7.074622000,23.851444244,0.497880459,47.905965822,1.000000000,166464,ok
4097,4150,false,1,1,0,4097,204,matrix_norms,svd_pseudoinverse,154.329425000,1.896932000,0.173894000,51.783083000,1.100603000,54.954512000,1.131342649,0.497880459,2.272317841,1.000000000,166464,ok
4097,4150,false,1,1,0,4097,204,randomized_range,intersection_inverse,154.329425000,10.588912000,0.167126000,4.047739000,0.873675000,15.677452000,11.682716370,0.497880459,23.464902393,1.000000000,166464,ok
4097,4150,false,1,1,0,4097,204,randomized_range,svd_pseudoinverse,154.329425000,10.588912000,0.167126000,52.166463000,1.109842000,64.032343000,1.133304358,0.497880459,2.276257960,1.000000000,166464,ok
4097,4150,false,1,2,1,2049,170,matrix_norms,intersection_inverse,154.329425000,1.750746000,0.152718000,2.463275000,0.832663000,5.199402000,3444.178466797,0.169633135,20303.689268876,0.008422115,115600,ok
4097,4150,false,1,2,1,2049,170,matrix_norms,svd_pseudoinverse,154.329425000,1.750746000,0.152718000,36.075518000,0.880859000,38.859841000,0.447193027,0.169633135,2.636236287,1.000000000,115600,ok
4097,4150,false,1,2,1,2049,170,randomized_range,intersection_inverse,154.329425000,9.020099000,0.180802000,2.450973000,0.839542000,12.491416000,9.285434723,0.169633135,54.738331117,1.000000000,115600,ok
4097,4150,false,1,2,1,2049,170,randomized_range,svd_pseudoinverse,154.329425000,9.020099000,0.180802000,33.542248000,0.991648000,43.734797000,0.446145445,0.169633135,2.630060717,1.000000000,115600,ok
4097,4150,false,1,3,1,2049,102,matrix_norms,intersection_inverse,154.329425000,1.723506000,0.142830000,0.621822000,0.718592000,3.206750000,10.480816841,0.353119880,29.680619631,1.000000000,41616,ok
4097,4150,false,1,3,1,2049,102,matrix_norms,svd_pseudoinverse,154.329425000,1.723506000,0.142830000,18.839132000,0.818875000,21.524343000,0.794923663,0.353119880,2.251143898,1.000000000,41616,ok
4097,4150,false,1,3,1,2049,102,randomized_range,intersection_inverse,154.329425000,6.228552000,0.152420000,0.603720000,0.720612000,7.705304000,9.546449661,0.353119880,27.034585712,1.000000000,41616,ok
4097,4150,false,1,3,1,2049,102,randomized_range,svd_pseudoinverse,154.329425000,6.228552000,0.152420000,18.986171000,0.841006000,26.208149000,0.795769215,0.353119880,2.253538415,1.000000000,41616,ok
4097,4150,false,1,4,1,2049,341,matrix_norms,intersection_inverse,154.329425000,1.756436000,0.171539000,19.427391000,1.101675000,22.457041000,1.224444032,0.041730363,29.341801652,1.000000000,465124,ok
4097,4150,false,1,4,1,2049,341,matrix_norms,svd_pseudoinverse,154.329425000,1.756436000,0.171539000,97.310148000,1.477165000,100.715288000,0.132308841,0.041730363,3.170565303,1.000000000,465124,ok
4097,4150,false,1,4,1,2049,341,randomized_range,intersection_inverse,154.329425000,15.983717000,0.202614000,19.738456000,1.131553000,37.056340000,1.224443793,0.041730363,29.341795939,1.000000000,465124,ok
4097,4150,false,1,4,1,2049,341,randomized_range,svd_pseudoinverse,154.329425000,15.983717000,0.202614000,99.747376000,1.420107000,117.353814000,0.132308826,0.041730363,3.170564946,1.000000000,465124,ok
4097,4150,false,1,5,1,2049,204,matrix_norms,intersection_inverse,154.329425000,1.890236000,0.176253000,4.025267000,0.912278000,7.004034000,3.157021523,0.123552322,25.552101826,1.000000000,166464,ok
4097,4150,false,1,5,1,2049,204,matrix_norms,svd_pseudoinverse,154.329425000,1.890236000,0.176253000,50.755231000,1.159549000,53.981269000,0.338725597,0.123552322,2.741555886,1.000000000,166464,ok
4097,4150,false,1,5,1,2049,204,randomized_range,intersection_inverse,154.329425000,10.631911000,0.170832000,4.107414000,0.889709000,15.799866000,8.369582176,0.123552322,67.741196721,1.000000000,166464,ok
4097,4150,false,1,5,1,2049,204,randomized_range,svd_pseudoinverse,154.329425000,10.631911000,0.170832000,49.711131000,1.133535000,61.647409000,0.338975370,0.123552322,2.743577485,1.000000000,166464,ok
4097,4150,false,1,6,2,1025,85,matrix_norms,intersection_inverse,154.329425000,1.733076000,0.111836000,0.396475000,0.706599000,2.947986000,3.835234165,0.120530151,31.819707673,1.000000000,28900,ok
4097,4150,false,1,6,2,1025,85,matrix_norms,svd_pseudoinverse,154.329425000,1.733076000,0.111836000,15.934583000,0.749234000,18.528729000,0.314578354,0.120530151,2.609955701,1.000000000,28900,ok
4097,4150,false,1,6,2,1025,85,randomized_range,intersection_inverse,154.329425000,5.633723000,0.140634000,0.360689000,0.673050000,6.808096000,3.835234404,0.120530151,31.819709651,1.000000000,28900,ok
4097,4150,false,1,6,2,1025,85,randomized_range,svd_pseudoinverse,154.329425000,5.633723000,0.140634000,14.834867000,0.734461000,21.343685000,0.314578354,0.120530151,2.609955701,1.000000000,28900,ok
4097,4150,false,1,7,2,1025,51,matrix_norms,intersection_inverse,154.329425000,1.736894000,0.097310000,0.146029000,0.671091000,2.651324000,5.458926201,0.251202792,21.731152584,1.000000000,10404,ok
4097,4150,false,1,7,2,1025,51,matrix_norms,svd_pseudoinverse,154.329425000,1.736894000,0.097310000,8.181622000,0.726549000,10.742375000,0.569533527,0.251202792,2.267226103,1.000000000,10404,ok
4097,4150,false,1,7,2,1025,51,randomized_range,intersection_inverse,154.329425000,4.577112000,0.106915000,0.144740000,0.667495000,5.496262000,5.458926201,0.251202792,21.731152584,1.000000000,10404,ok
4097,4150,false,1,7,2,1025,51,randomized_range,svd_pseudoinverse,154.329425000,4.577112000,0.106915000,8.020678000,0.712840000,13.417545000,0.569533527,0.251202792,2.267226103,1.000000000,10404,ok
4097,4150,false,1,8,2,1025,170,matrix_norms,intersection_inverse,154.329425000,1.731470000,0.152795000,2.432263000,0.857880000,5.174408000,11.046578407,0.029823966,370.392666326,0.461672208,115600,ok
4097,4150,false,1,8,2,1025,170,matrix_norms,svd_pseudoinverse,154.329425000,1.731470000,0.152795000,34.668411000,0.838620000,37.391296000,0.093812384,0.029823966,3.145536804,1.000000000,115600,ok
4097,4150,false,1,8,2,1025,170,randomized_range,intersection_inverse,154.329425000,8.949951000,0.157703000,2.244799000,0.807671000,12.160124000,11.046578407,0.029823966,370.392666326,0.461672208,115600,ok
4097,4150,false,1,8,2,1025,170,randomized_range,svd_pseudoinverse,154.329425000,8.949951000,0.157703000,32.138227000,0.872407000,42.118288000,0.093812369,0.029823966,3.145536304,1.000000000,115600,ok
4097,4150,false,1,9,2,1025,102,matrix_norms,intersection_inverse,154.329425000,1.732540000,0.108023000,0.623522000,0.763398000,3.227483000,25.050907135,0.087755352,285.463011546,0.360817324,41616,ok
4097,4150,false,1,9,2,1025,102,matrix_norms,svd_pseudoinverse,154.329425000,1.732540000,0.108023000,18.406892000,0.758855000,21.006310000,0.240925997,0.087755352,2.745427957,1.000000000,41616,ok
4097,4150,false,1,9,2,1025,102,randomized_range,intersection_inverse,154.329425000,6.233342000,0.147799000,0.625265000,0.699203000,7.705609000,25.050907135,0.087755352,285.463011546,0.360817324,41616,ok
4097,4150,false,1,9,2,1025,102,randomized_range,svd_pseudoinverse,154.329425000,6.233342000,0.147799000,18.300544000,0.762915000,25.444600000,0.240925997,0.087755352,2.745427957,1.000000000,41616,ok
4097,4150,false,1,10,2,1025,341,matrix_norms,intersection_inverse,154.329425000,1.693251000,0.158757000,19.235113000,1.056037000,22.143158000,1.517612219,0.003861315,393.029860247,0.870162892,465124,ok
4097,4150,false,1,10,2,1025,341,matrix_norms,svd_pseudoinverse,154.329425000,1.693251000,0.158757000,93.127913000,1.407722000,96.387643000,0.014649266,0.003861315,3.793853954,1.000000000,465124,ok
4097,4150,false,1,10,2,1025,341,randomized_range,intersection_inverse,154.329425000,15.997335000,0.287455000,19.342858000,1.091977000,36.719625000,1.517612815,0.003861315,393.030014611,0.870162551,465124,ok
4097,4150,false,1,10,2,1025,341,randomized_range,svd_pseudoinverse,154.329425000,15.997335000,0.287455000,93.833099000,1.346908000,111.464797000,0.014649204,0.003861315,3.793837794,1.000000000,465124,ok
4097,4150,false,1,11,2,1025,204,matrix_norms,intersection_inverse,154.329425000,1.888037000,0.162917000,3.996020000,0.900367000,6.947341000,0.927257717,0.018753905,49.443447864,1.000000000,166464,ok
4097,4150,false,1,11,2,1025,204,matrix_norms,svd_pseudoinverse,154.329425000,1.888037000,0.162917000,49.182580000,1.092181000,52.325715000,0.061578333,0.018753905,3.283493964,1.000000000,166464,ok
4097,4150,false,1,11,2,1025,204,randomized_range,intersection_inverse,154.329425000,10.649529000,0.164516000,4.062361000,0.889676000,15.766082000,0.927257776,0.018753905,49.443451042,1.000000000,166464,ok
4097,4150,false,1,11,2,1025,204,randomized_range,svd_pseudoinverse,154.329425000,10.649529000,0.164516000,48.747376000,1.125291000,60.686712000,0.061578352,0.018753905,3.283494957,1.000000000,166464,ok
4097,4150,false,1,12,3,513,85,matrix_norms,intersection_inverse,154.329425000,1.757743000,0.114396000,0.400908000,0.703648000,2.976695000,0.572342634,0.021238355,26.948538864,1.000000000,28900,ok
4097,4150,false,1,12,3,513,85,matrix_norms,svd_pseudoinverse,154.329425000,1.757743000,0.114396000,15.972599000,0.804058000,18.648796000,0.064956076,0.021238355,3.058432564,1.000000000,28900,ok
4097,4150,false,1,12,3,513,85,randomized_range,intersection_inverse,154.329425000,5.715978000,0.146510000,0.394975000,0.711716000,6.969179000,0.572342634,0.021238355,26.948538864,1.000000000,28900,ok
4097,4150,false,1,12,3,513,85,randomized_range,svd_pseudoinverse,154.329425000,5.715978000,0.146510000,14.841430000,0.737175000,21.441093000,0.064956076,0.021238355,3.058432564,1.000000000,28900,ok
4097,4150,false,1,13,3,513,51,matrix_norms,intersection_inverse,154.329425000,1.688441000,0.118397000,0.130848000,0.661721000,2.599407000,0.981602430,0.062606543,15.678911158,1.000000000,10404,ok
4097,4150,false,1,13,3,513,51,matrix_norms,svd_pseudoinverse,154.329425000,1.688441000,0.118397000,7.964371000,0.736218000,10.507427000,0.175157592,0.062606543,2.797752159,1.000000000,10404,ok
4097,4150,false,1,13,3,513,51,randomized_range,intersection_inverse,154.329425000,4.617207000,0.108776000,0.124873000,0.675451000,5.526307000,1.546235800,0.062606543,24.697670854,1.000000000,10404,ok
4097,4150,false,1,13,3,513,51,randomized_range,svd_pseudoinverse,154.329425000,4.617207000,0.108776000,7.936685000,0.724793000,13.387461000,0.174682871,0.062606543,2.790169546,1.000000000,10404,ok
4097,4150,false,1,14,3,513,170,matrix_norms,intersection_inverse,154.329425000,1.747705000,0.155468000,2.432781000,0.850083000,5.186037000,0.138059527,0.002772897,49.788916597,1.000000000,115600,ok
4097,4150,false,1,14,3,513,170,matrix_norms,svd_pseudoinverse,154.329425000,1.747705000,0.155468000,34.336941000,0.915559000,37.155673000,0.010635286,0.002772897,3.835442308,1.000000000,115600,ok
4097,4150,false,1,14,3,513,170,randomized_range,intersection_inverse,154.329425000,9.071210000,0.169586000,2.451304000,0.838398000,12.530498000,0.138059527,0.002772897,49.788916597,1.000000000,115600,ok
4097,4150,false,1,14,3,513,170,randomized_range,svd_pseudoinverse,154.329425000,9.071210000,0.169586000,32.769476000,0.898737000,42.909009000,0.010635286,0.002772897,3.835442308,1.000000000,115600,ok
4097,4150,false,1,15,3,513,102,matrix_norms,intersection_inverse,154.329425000,1.738319000,0.113285000,0.639674000,0.742857000,3.234135000,0.214003295,0.013347575,16.033122314,1.000000000,41616,ok
4097,4150,false,1,15,3,513,102,matrix_norms,svd_pseudoinverse,154.329425000,1.738319000,0.113285000,18.185586000,0.758376000,20.795566000,0.043070756,0.013347575,3.226860121,1.000000000,41616,ok
4097,4150,false,1,15,3,513,102,randomized_range,intersection_inverse,154.329425000,6.192320000,0.144323000,0.571172000,0.695644000,7.603459000,0.214003295,0.013347575,16.033122314,1.000000000,41616,ok
4097,4150,false,1,15,3,513,102,randomized_range,svd_pseudoinverse,154.329425000,6.192320000,0.144323000,18.062357000,0.770731000,25.169731000,0.043070756,0.013347575,3.226860121,1.000000000,41616,ok
4097,4150,false,1,16,4,257,85,matrix_norms,intersection_inverse,154.329425000,1.744142000,0.111435000,0.390487000,0.701100000,2.947164000,0.099245653,0.001980891,50.101509850,1.000000000,28900,ok
4097,4150,false,1,16,4,257,85,matrix_norms,svd_pseudoinverse,154.329425000,1.744142000,0.111435000,14.844162000,0.785354000,17.485093000,0.007560019,0.001980891,3.816473324,1.000000000,28900,ok
4097,4150,false,1,16,4,257,85,randomized_range,intersection_inverse,154.329425000,5.735374000,0.141307000,0.389567000,0.689940000,6.956188000,0.099245653,0.001980891,50.101509850,1.000000000,28900,ok
4097,4150,false,1,16,4,257,85,randomized_range,svd_pseudoinverse,154.329425000,5.735374000,0.141307000,14.724331000,0.765273000,21.366285000,0.007560019,0.001980891,3.816473324,1.000000000,28900,ok
4097,4150,false,1,17,4,257,51,matrix_norms,intersection_inverse,154.329425000,1.768100000,0.104422000,0.135798000,0.672458000,2.680778000,0.250410289,0.009561076,26.190597486,1.000000000,10404,ok
4097,4150,false,1,17,4,257,51,matrix_norms,svd_pseudoinverse,154.329425000,1.768100000,0.104422000,7.884118000,0.720101000,10.476741000,0.031142164,0.009561076,3.257181993,1.000000000,10404,ok
4097,4150,false,1,17,4,257,51,randomized_range,intersection_inverse,154.329425000,4.547714000,0.110597000,0.121423000,0.636591000,5.416325000,0.250410289,0.009561076,26.190597486,1.000000000,10404,ok
4097,4150,false,1,17,4,257,51,randomized_range,svd_pseudoinverse,154.329425000,4.547714000,0.110597000,7.824466000,0.705225000,13.188002000,0.031142164,0.009561076,3.257181993,1.000000000,10404,ok
4097,4150,false,2,0,0,4097,341,matrix_norms,intersection_inverse,154.804612000,1.822332000,0.173101000,19.669819000,1.178247000,22.843499000,50.117557526,0.238158822,210.437543704,1.000000000,465124,ok
4097,4150,false,2,0,0,4097,341,matrix_norms,svd_pseudoinverse,154.804612000,1.822332000,0.173101000,102.707021000,1.356559000,106.059013000,0.625871539,0.238158822,2.627958661,1.000000000,465124,ok
4097,4150,false,2,0,0,4097,341,randomized_range,intersection_inverse,154.804612000,15.981193000,0.162665000,18.573753000,1.072707000,35.790318000,103.888694763,0.238158822,436.216025360,0.784015213,465124,ok
4097,4150,false,2,0,0,4097,341,randomized_range,svd_pseudoinverse,154.804612000,15.981193000,0.162665000,103.796140000,1.406088000,121.346086000,0.625432014,0.238158822,2.626113150,1.000000000,465124,ok
4097,4150,false,2,1,0,4097,204,matrix_norms,intersection_inverse,154.804612000,1.895593000,0.129449000,4.112588000,0.921402000,7.059032000,35.077217102,0.497880459,70.453090656,1.000000000,166464,ok
4097,4150,false,2,1,0,4097,204,matrix_norms,svd_pseudoinverse,154.804612000,1.895593000,0.129449000,52.178151000,1.080788000,55.283981000,1.126377821,0.497880459,2.262345913,1.000000000,166464,ok
4097,4150,false,2,1,0,4097,204,randomized_range,intersection_inverse,154.804612000,10.648462000,0.170369000,3.889324000,0.874085000,15.582240000,15.988382339,0.497880459,32.112893880,1.000000000,166464,ok
4097,4150,false,2,1,0,4097,204,randomized_range,svd_pseudoinverse,154.804612000,10.648462000,0.170369000,52.115885000,1.056542000,63.991258000,1.126953125,0.497880459,2.263501419,1.000000000,166464,ok
4097,4150,false,2,2,1,2049,170,matrix_norms,intersection_inverse,154.804612000,1.721324000,0.153235000,2.477781000,0.811844000,5.164184000,3.721091986,0.169633135,21.936115142,1.000000000,115600,ok
4097,4150,false,2,2,1,2049,170,matrix_norms,svd_pseudoinverse,154.804612000,1.721324000,0.153235000,36.238831000,0.857992000,38.971382000,0.444275558,0.169633135,2.619037592,1.000000000,115600,ok
4097,4150,false,2,2,1,2049,170,randomized_range,intersection_inverse,154.804612000,9.045640000,0.164159000,2.484599000,0.866978000,12.561376000,3.721091986,0.169633135,21.936115142,1.000000000,115600,ok
4097,4150,false,2,2,1,2049,170,randomized_range,svd_pseudoinverse,154.804612000,9.045640000,0.164159000,33.403324000,0.850800000,43.463923000,0.444275528,0.169633135,2.619037417,1.000000000,115600,ok
4097,4150,false,2,3,1,2049,102,matrix_norms,intersection_inverse,154.804612000,1.749850000,0.136237000,0.607603000,0.714393000,3.208083000,9.033086777,0.353119880,25.580793632,1.000000000,41616,ok
4097,4150,false,2,3,1,2049,102,matrix_norms,svd_pseudoinverse,154.804612000,1.749850000,0.136237000,18.604752000,0.767541000,21.258380000,0.793066144,0.353119880,2.245883591,1.000000000,41616,ok
4097,4150,false,2,3,1,2049,102,randomized_range,intersection_inverse,154.804612000,6.204437000,0.156630000,0.576836000,0.734271000,7.672174000,6.450534821,0.353119880,18.267266123,1.000000000,41616,ok
4097,4150,false,2,3,1,2049,102,randomized_range,svd_pseudoinverse,154.804612000,6.204437000,0.156630000,18.643794000,0.797971000,25.802832000,0.791832864,0.353119880,2.242391067,1.000000000,41616,ok
4097,4150,false,2,4,1,2049,341,matrix_norms,intersection_inverse,154.804612000,1.714948000,0.171539000,19.428044000,1.045166000,22.359697000,7.500606537,0.041730363,179.739786852,1.000000000,465124,ok
4097,4150,false,2,4,1,2049,341,matrix_norms,svd_pseudoinverse,154.804612000,1.714948000,0.171539000,96.434987000,1.306793000,99.628267000,0.131521970,0.041730363,3.151709231,1.000000000,465124,ok
4097,4150,false,2,4,1,2049,341,randomized_range,intersection_inverse,154.804612000,15.953586000,0.190719000,19.673226000,1.066005000,36.883536000,7.500605583,0.041730363,179.739763999,1.000000000,465124,ok
4097,4150,false,2,4,1,2049,341,randomized_range,svd_pseudoinverse,154.804612000,15.953586000,0.190719000,100.334989000,1.400393000,117.879687000,0.131521970,0.041730363,3.151709231,1.000000000,465124,ok
4097,4150,false,2,5,1,2049,204,matrix_norms,intersection_inverse,154.804612000,1.867726000,0.172491000,4.138700000,0.905245000,7.084162000,13.304506302,0.123552322,107.683174584,1.000000000,166464,ok
4097,4150,false,2,5,1,2049,204,matrix_norms,svd_pseudoinverse,154.804612000,1.867726000,0.172491000,50.588901000,1.156229000,53.785347000,0.340855181,0.123552322,2.758792183,1.000000000,166464,ok
4097,4150,false,2,5,1,2049,204,randomized_range,intersection_inverse,154.804612000,10.632547000,0.163165000,3.781218000,0.868332000,15.445262000,7.435013771,0.123552322,60.177045865,1.000000000,166464,ok
4097,4150,false,2,5,1,2049,204,randomized_range,svd_pseudoinverse,154.804612000,10.632547000,0.163165000,50.455851000,1.169768000,62.421331000,0.340485185,0.123552322,2.755797534,1.000000000,166464,ok
4097,4150,false,2,6,2,1025,85,matrix_norms,intersection_inverse,154.804612000,1.732024000,0.110302000,0.433180000,0.728787000,3.004293000,5.399448395,0.120530151,44.797491396,1.000000000,28900,ok
4097,4150,false,2,6,2,1025,85,matrix_norms,svd_pseudoinverse,154.804612000,1.732024000,0.110302000,16.317213000,0.770232000,18.929771000,0.318631500,0.120530151,2.643583351,1.000000000,28900,ok
4097,4150,false,2,6,2,1025,85,randomized_range,intersection_inverse,154.804612000,5.710804000,0.165661000,0.400243000,0.702402000,6.979110000,5.399448395,0.120530151,44.797491396,1.000000000,28900,ok
4097,4150,false,2,6,2,1025,85,randomized_range,svd_pseudoinverse,154.804612000,5.710804000,0.165661000,15.048066000,0.790868000,21.715399000,0.318631500,0.120530151,2.643583351,1.000000000,28900,ok
4097,4150,false,2,7,2,1025,51,matrix_norms,intersection_inverse,154.804612000,1.743018000,0.118726000,0.138161000,0.688580000,2.688485000,4.449468613,0.251202792,17.712655892,1.000000000,10404,ok
4097,4150,false,2,7,2,1025,51,matrix_norms,svd_pseudoinverse,154.804612000,1.743018000,0.118726000,8.406701000,0.848941000,11.117386000,0.556126297,0.251202792,2.213853963,1.000000000,10404,ok
4097,4150,false,2,7,2,1025,51,randomized_range,intersection_inverse,154.804612000,4.746096000,0.124758000,0.141035000,0.690063000,5.701952000,4.906179905,0.251202792,19.530753887,1.000000000,10404,ok
4097,4150,false,2,7,2,1025,51,randomized_range,svd_pseudoinverse,154.804612000,4.746096000,0.124758000,8.230595000,0.730696000,13.832145000,0.556222856,0.251202792,2.214238352,1.000000000,10404,ok
4097,4150,false,2,8,2,1025,170,matrix_norms,intersection_inverse,154.804612000,1.777804000,0.158037000,2.597397000,0.855736000,5.388974000,0.861750364,0.029823966,28.894559326,1.000000000,115600,ok
4097,4150,false,2,8,2,1025,170,matrix_norms,svd_pseudoinverse,154.804612000,1.777804000,0.158037000,35.243204000,0.882594000,38.061639000,0.096337907,0.029823966,3.230217804,1.000000000,115600,ok
4097,4150,false,2,8,2,1025,170,randomized_range,intersection_inverse,154.804612000,9.049060000,0.166456000,2.531133000,0.846848000,12.593497000,0.861750364,0.029823966,28.894559326,1.000000000,115600,ok
4097,4150,false,2,8,2,1025,170,randomized_range,svd_pseudoinverse,154.804612000,9.049060000,0.166456000,32.036161000,0.865002000,42.116679000,0.096337914,0.029823966,3.230218054,1.000000000,115600,ok
4097,4150,false,2,9,2,1025,102,matrix_norms,intersection_inverse,154.804612000,1.750233000,0.110085000,0.632062000,0.729000000,3.221380000,2.460467100,0.087755352,28.037800964,1.000000000,41616,ok
4097,4150,false,2,9,2,1025,102,matrix_norms,svd_pseudoinverse,154.804612000,1.750233000,0.110085000,18.705550000,0.796606000,21.362474000,0.243605614,0.087755352,2.775963032,1.000000000,41616,ok
4097,4150,false,2,9,2,1025,102,randomized_range,intersection_inverse,154.804612000,6.215861000,0.108655000,0.614202000,0.700731000,7.639449000,2.644077063,0.087755352,30.130094570,1.000000000,41616,ok
4097,4150,false,2,9,2,1025,102,randomized_range,svd_pseudoinverse,154.804612000,6.215861000,0.108655000,18.415137000,0.784331000,25.523984000,0.243270397,0.087755352,2.772143133,1.000000000,41616,ok
4097,4150,false,2,10,2,1025,341,matrix_norms,intersection_inverse,154.804612000,1.718819000,0.158270000,19.289994000,1.051031000,22.218114000,0.393416166,0.003861315,101.886568216,1.000000000,465124,ok
4097,4150,false,2,10,2,1025,341,matrix_norms,svd_pseudoinverse,154.804612000,1.718819000,0.158270000,93.312741000,1.429625000,96.619455000,0.014559001,0.003861315,3.770477037,1.000000000,465124,ok
4097,4150,false,2,10,2,1025,341,randomized_range,intersection_inverse,154.804612000,15.953972000,0.281274000,20.073975000,1.100380000,37.409601000,0.393416077,0.003861315,101.886545062,1.000000000,465124,ok
4097,4150,false,2,10,2,1025,341,randomized_range,svd_pseudoinverse,154.804612000,15.953972000,0.281274000,95.656171000,1.432974000,113.324391000,0.014558901,0.003861315,3.770451229,1.000000000,465124,ok
4097,4150,false,2,11,2,1025,204,matrix_norms,intersection_inverse,154.804612000,1.930619000,0.148193000,4.049261000,0.912366000,7.040439000,0.954868734,0.018753905,50.915728834,1.000000000,166464,ok
4097,4150,false,2,11,2,1025,204,matrix_norms,svd_pseudoinverse,154.804612000,1.930619000,0.148193000,48.727542000,1.139639000,51.945993000,0.062953107,0.018753905,3.356799961,1.000000000,166464,ok
4097,4150,false,2,11,2,1025,204,randomized_range,intersection_inverse,154.804612000,10.604916000,0.156633000,3.722487000,0.904273000,15.388309000,0.954868615,0.018753905,50.915722477,1.000000000,166464,ok
4097,4150,false,2,11,2,1025,204,randomized_range,svd_pseudoinverse,154.804612000,10.604916000,0.156633000,49.239174000,1.185701000,61.186424000,0.062953115,0.018753905,3.356800358,1.000000000,166464,ok
4097,4150,false,2,12,3,513,85,matrix_norms,intersection_inverse,154.804612000,1.769256000,0.144032000,0.408358000,0.731980000,3.053626000,0.466504186,0.021238355,21.965175134,1.000000000,28900,ok
4097,4150,false,2,12,3,513,85,matrix_norms,svd_pseudoinverse,154.804612000,1.769256000,0.144032000,15.929543000,0.776293000,18.619124000,0.067522779,0.021238355,3.179284799,1.000000000,28900,ok
4097,4150,false,2,12,3,513,85,randomized_range,intersection_inverse,154.804612000,5.765090000,0.132315000,0.404387000,0.734915000,7.036707000,0.466504246,0.021238355,21.965177941,1.000000000,28900,ok
4097,4150,false,2,12,3,513,85,randomized_range,svd_pseudoinverse,154.804612000,5.765090000,0.132315000,14.805323000,0.804302000,21.507030000,0.067522801,0.021238355,3.179285852,1.000000000,28900,ok
4097,4150,false,2,13,3,513,51,matrix_norms,intersection_inverse,154.804612000,1.750306000,0.113296000,0.152221000,0.707408000,2.723231000,0.836261809,0.062606543,13.357418646,1.000000000,10404,ok
4097,4150,false,2,13,3,513,51,matrix_norms,svd_pseudoinverse,154.804612000,1.750306000,0.113296000,8.102172000,0.712680000,10.678454000,0.182548657,0.062606543,2.915807956,1.000000000,10404,ok
4097,4150,false,2,13,3,513,51,randomized_range,intersection_inverse,154.804612000,4.604882000,0.148972000,0.167672000,0.711604000,5.633130000,0.836261809,0.062606543,13.357418646,1.000000000,10404,ok
4097,4150,false,2,13,3,513,51,randomized_range,svd_pseudoinverse,154.804612000,4.604882000,0.148972000,8.004639000,0.728587000,13.487080000,0.182548657,0.062606543,2.915807956,1.000000000,10404,ok
4097,4150,false,2,14,3,513,170,matrix_norms,intersection_inverse,154.804612000,1.733638000,0.141972000,2.466241000,0.823808000,5.165659000,0.105253242,0.002772897,37.957865069,1.000000000,115600,ok
4097,4150,false,2,14,3,513,170,matrix_norms,svd_pseudoinverse,154.804612000,1.733638000,0.141972000,33.816803000,0.910267000,36.602680000,0.010555645,0.002772897,3.806721373,1.000000000,115600,ok
4097,4150,false,2,14,3,513,170,randomized_range,intersection_inverse,154.804612000,9.028737000,0.170145000,2.410865000,0.858737000,12.468484000,0.105253242,0.002772897,37.957865069,1.000000000,115600,ok
4097,4150,false,2,14,3,513,170,randomized_range,svd_pseudoinverse,154.804612000,9.028737000,0.170145000,31.193442000,0.942191000,41.334515000,0.010555645,0.002772897,3.806721373,1.000000000,115600,ok
4097,4150,false,2,15,3,513,102,matrix_norms,intersection_inverse,154.804612000,1.734911000,0.112913000,0.613189000,0.731690000,3.192703000,0.447273016,0.013347575,33.509684898,1.000000000,41616,ok
4097,4150,false,2,15,3,513,102,matrix_norms,svd_pseudoinverse,154.804612000,1.734911000,0.112913000,18.297688000,0.810163000,20.955675000,0.045861870,0.013347575,3.435970334,1.000000000,41616,ok
4097,4150,false,2,15,3,513,102,randomized_range,intersection_inverse,154.804612000,6.327410000,0.133078000,0.620714000,0.750568000,7.831770000,0.447273046,0.013347575,33.509687131,1.000000000,41616,ok
4097,4150,false,2,15,3,513,102,randomized_range,svd_pseudoinverse,154.804612000,6.327410000,0.133078000,18.215397000,0.797934000,25.473819000,0.045861874,0.013347575,3.435970613,1.000000000,41616,ok
4097,4150,false,2,16,4,257,85,matrix_norms,intersection_inverse,154.804612000,1.725032000,0.109368000,0.391955000,0.716207000,2.942562000,0.049210038,0.001980891,24.842369836,1.000000000,28900,ok
4097,4150,false,2,16,4,257,85,matrix_norms,svd_pseudoinverse,154.804612000,1.725032000,0.109368000,14.815562000,0.775118000,17.425080000,0.007507584,0.001980891,3.790002520,1.000000000,28900,ok
4097,4150,false,2,16,4,257,85,randomized_range,intersection_inverse,154.804612000,5.763138000,0.147984000,0.394219000,0.707059000,7.012400000,0.049210038,0.001980891,24.842369836,1.000000000,28900,ok
4097,4150,false,2,16,4,257,85,randomized_range,svd_pseudoinverse,154.804612000,5.763138000,0.147984000,14.715527000,0.800620000,21.427269000,0.007507584,0.001980891,3.790002520,1.000000000,28900,ok
4097,4150,false,2,17,4,257,51,matrix_norms,intersection_inverse,154.804612000,1.756981000,0.114300000,0.148454000,0.678407000,2.698142000,0.395263284,0.009561076,41.340879574,1.000000000,10404,ok
4097,4150,false,2,17,4,257,51,matrix_norms,svd_pseudoinverse,154.804612000,1.756981000,0.114300000,8.052697000,0.710861000,10.634839000,0.032677125,0.009561076,3.417724717,1.000000000,10404,ok
4097,4150,false,2,17,4,257,51,randomized_range,intersection_inverse,154.804612000,4.590356000,0.138224000,0.143555000,0.657821000,5.529956000,0.395263284,0.009561076,41.340879574,1.000000000,10404,ok
4097,4150,false,2,17,4,257,51,randomized_range,svd_pseudoinverse,154.804612000,4.590356000,0.138224000,8.000236000,0.746601000,13.475417000,0.032677125,0.009561076,3.417724717,1.000000000,10404,ok
4097,4150,false,3,0,0,4097,341,matrix_norms,intersection_inverse,155.171824000,1.775476000,0.157557000,19.749786000,1.188480000,22.871299000,8.573367119,0.238158822,35.998528397,1.000000000,465124,ok
4097,4150,false,3,0,0,4097,341,matrix_norms,svd_pseudoinverse,155.171824000,1.775476000,0.157557000,99.588610000,1.468398000,102.990041000,0.622687280,0.238158822,2.614588344,1.000000000,465124,ok
4097,4150,false,3,0,0,4097,341,randomized_range,intersection_inverse,155.171824000,16.143320000,0.295663000,19.230533000,1.148327000,36.817843000,14.496338844,0.238158822,60.868368087,1.000000000,465124,ok
4097,4150,false,3,0,0,4097,341,randomized_range,svd_pseudoinverse,155.171824000,16.143320000,0.295663000,102.929160000,1.442994000,120.811137000,0.622832060,0.238158822,2.615196256,1.000000000,465124,ok
4097,4150,false,3,1,0,4097,204,matrix_norms,intersection_inverse,155.171824000,1.939600000,0.155840000,4.018289000,0.915210000,7.028939000,19.840270996,0.497880459,39.849467165,1.000000000,166464,ok
4097,4150,false,3,1,0,4097,204,matrix_norms,svd_pseudoinverse,155.171824000,1.939600000,0.155840000,52.626961000,1.171987000,55.894388000,1.128382921,0.497880459,2.266373185,1.000000000,166464,ok
4097,4150,false,3,1,0,4097,204,randomized_range,intersection_inverse,155.171824000,10.715734000,0.180144000,4.090936000,0.921924000,15.908738000,14.776977539,0.497880459,29.679770067,1.000000000,166464,ok
4097,4150,false,3,1,0,4097,204,randomized_range,svd_pseudoinverse,155.171824000,10.715734000,0.180144000,52.284535000,1.133049000,64.313462000,1.130157828,0.497880459,2.269938111,1.000000000,166464,ok
4097,4150,false,3,2,1,2049,170,matrix_norms,intersection_inverse,155.171824000,1.712788000,0.127142000,2.419171000,0.866872000,5.125973000,7.358582973,0.169633135,43.379396159,1.000000000,115600,ok
4097,4150,false,3,2,1,2049,170,matrix_norms,svd_pseudoinverse,155.171824000,1.712788000,0.127142000,36.754876000,0.901299000,39.496105000,0.442522198,0.169633135,2.608701404,1.000000000,115600,ok
4097,4150,false,3,2,1,2049,170,randomized_range,intersection_inverse,155.171824000,9.051147000,0.166137000,2.437978000,0.856035000,12.511297000,35.937656403,0.169633135,211.855168274,0.807155197,115600,ok
4097,4150,false,3,2,1,2049,170,randomized_range,svd_pseudoinverse,155.171824000,9.051147000,0.166137000,33.858305000,0.965861000,44.041450000,0.442406267,0.169633135,2.608017982,1.000000000,115600,ok
4097,4150,false,3,3,1,2049,102,matrix_norms,intersection_inverse,155.171824000,1.699439000,0.121534000,0.625009000,0.751327000,3.197309000,7.492957592,0.353119880,21.219302614,1.000000000,41616,ok
4097,4150,false,3,3,1,2049,102,matrix_norms,svd_pseudoinverse,155.171824000,1.699439000,0.121534000,18.813513000,0.814487000,21.448973000,0.795418024,0.353119880,2.252543879,1.000000000,41616,ok
4097,4150,false,3,3,1,2049,102,randomized_range,intersection_inverse,155.171824000,6.302352000,0.141047000,0.645488000,0.768587000,7.857474000,5.089730263,0.353119880,14.413604420,1.000000000,41616,ok
4097,4150,false,3,3,1,2049,102,randomized_range,svd_pseudoinverse,155.171824000,6.302352000,0.141047000,18.776225000,0.787037000,26.006661000,0.796702862,0.353119880,2.256182410,1.000000000,41616,ok
4097,4150,false,3,4,1,2049,341,matrix_norms,intersection_inverse,155.171824000,1.710203000,0.160770000,19.121838000,1.056651000,22.049462000,2.278033972,0.041730363,54.589364009,1.000000000,465124,ok
4097,4150,false,3,4,1,2049,341,matrix_norms,svd_pseudoinverse,155.171824000,1.710203000,0.160770000,94.560302000,1.411855000,97.843130000,0.132600680,0.041730363,3.177558754,1.000000000,465124,ok
4097,4150,false,3,4,1,2049,341,randomized_range,intersection_inverse,155.171824000,16.010930000,0.180829000,19.078907000,1.155563000,36.426229000,115.988403320,0.041730363,2779.472671667,0.123044923,465124,ok
4097,4150,false,3,4,1,2049,341,randomized_range,svd_pseudoinverse,155.171824000,16.010930000,0.180829000,98.459034000,1.404741000,116.055534000,0.132613137,0.041730363,3.177857274,1.000000000,465124,ok
4097,4150,false,3,5,1,2049,204,matrix_norms,intersection_inverse,155.171824000,1.931467000,0.145038000,4.054650000,0.914242000,7.045397000,4.985464096,0.123552322,40.351035090,1.000000000,166464,ok
4097,4150,false,3,5,1,2049,204,matrix_norms,svd_pseudoinverse,155.171824000,1.931467000,0.145038000,50.786752000,1.112596000,53.975853000,0.340417415,0.123552322,2.755249018,1.000000000,166464,ok
4097,4150,false,3,5,1,2049,204,randomized_range,intersection_inverse,155.171824000,10.638048000,0.158114000,3.884396000,0.901343000,15.581901000,4.985464096,0.123552322,40.351035090,1.000000000,166464,ok
4097,4150,false,3,5,1,2049,204,randomized_range,svd_pseudoinverse,155.171824000,10.638048000,0.158114000,51.684792000,1.219186000,63.700140000,0.340417415,0.123552322,2.755249018,1.000000000,166464,ok
4097,4150,false,3,6,2,1025,85,matrix_norms,intersection_inverse,155.171824000,1.757766000,0.107125000,0.398671000,0.695360000,2.958922000,2.465496063,0.120530151,20.455430000,1.000000000,28900,ok
4097,4150,false,3,6,2,1025,85,matrix_norms,svd_pseudoinverse,155.171824000,1.757766000,0.107125000,16.326823000,0.777315000,18.969029000,0.315793514,0.120530151,2.620037493,1.000000000,28900,ok
4097,4150,false,3,6,2,1025,85,randomized_range,intersection_inverse,155.171824000,5.694836000,0.149533000,0.372471000,0.694294000,6.911134000,2.465496063,0.120530151,20.455430000,1.000000000,28900,ok
4097,4150,false,3,6,2,1025,85,randomized_range,svd_pseudoinverse,155.171824000,5.694836000,0.149533000,15.114348000,0.783654000,21.742371000,0.315793544,0.120530151,2.620037741,1.000000000,28900,ok
4097,4150,false,3,7,2,1025,51,matrix_norms,intersection_inverse,155.171824000,1.722277000,0.106222000,0.170105000,0.667822000,2.666426000,3.790635347,0.251202792,15.089941152,1.000000000,10404,ok
4097,4150,false,3,7,2,1025,51,matrix_norms,svd_pseudoinverse,155.171824000,1.722277000,0.106222000,8.172402000,0.719335000,10.720236000,0.570678592,0.251202792,2.271784431,1.000000000,10404,ok
4097,4150,false,3,7,2,1025,51,randomized_range,intersection_inverse,155.171824000,4.637684000,0.116831000,0.129894000,0.689800000,5.574209000,2.963718891,0.251202792,11.798112865,1.000000000,10404,ok
4097,4150,false,3,7,2,1025,51,randomized_range,svd_pseudoinverse,155.171824000,4.637684000,0.116831000,8.116929000,0.720596000,13.592040000,0.567971826,0.251202792,2.261009208,1.000000000,10404,ok
4097,4150,false,3,8,2,1025,170,matrix_norms,intersection_inverse,155.171824000,1.743420000,0.146558000,2.527585000,0.845469000,5.263032000,1.151291370,0.029823966,38.602892649,1.000000000,115600,ok
4097,4150,false,3,8,2,1025,170,matrix_norms,svd_pseudoinverse,155.171824000,1.743420000,0.146558000,36.951281000,0.912840000,39.754099000,0.095682532,0.029823966,3.208243014,1.000000000,115600,ok
4097,4150,false,3,8,2,1025,170,randomized_range,intersection_inverse,155.171824000,9.065520000,0.168441000,2.512748000,0.864327000,12.611036000,1.151291370,0.029823966,38.602892649,1.000000000,115600,ok
4097,4150,false,3,8,2,1025,170,randomized_range,svd_pseudoinverse,155.171824000,9.065520000,0.168441000,33.757042000,0.939766000,43.930769000,0.095682554,0.029823966,3.208243763,1.000000000,115600,ok
4097,4150,false,3,9,2,1025,102,matrix_norms,intersection_inverse,155.171824000,1.782054000,0.142903000,0.638784000,0.730878000,3.294619000,7.781552792,0.087755352,88.673255720,1.000000000,41616,ok
4097,4150,false,3,9,2,1025,102,matrix_norms,svd_pseudoinverse,155.171824000,1.782054000,0.142903000,18.561999000,0.832787000,21.319743000,0.241167307,0.087755352,2.748177754,1.000000000,41616,ok
4097,4150,false,3,9,2,1025,102,randomized_range,intersection_inverse,155.171824000,6.224558000,0.120722000,0.621975000,0.716252000,7.683507000,4.047044277,0.087755352,46.117349803,1.000000000,41616,ok
4097,4150,false,3,9,2,1025,102,randomized_range,svd_pseudoinverse,155.171824000,6.224558000,0.120722000,18.324991000,0.811102000,25.481373000,0.241434485,0.087755352,2.751222330,1.000000000,41616,ok
4097,4150,false,3,10,2,1025,341,matrix_norms,intersection_inverse,155.171824000,1.723045000,0.158479000,20.440312000,1.131518000,23.453354000,0.723177075,0.003861315,187.287754633,1.000000000,465124,ok
4097,4150,false,3,10,2,1025,341,matrix_norms,svd_pseudoinverse,155.171824000,1.723045000,0.158479000,95.451783000,1.437872000,98.771179000,0.014533565,0.003861315,3.763889813,1.000000000,465124,ok
4097,4150,false,3,10,2,1025,341,randomized_range,intersection_inverse,155.171824000,16.118777000,0.286062000,20.416192000,1.141728000,37.962759000,0.723177075,0.003861315,187.287754633,1.000000000,465124,ok
4097,4150,false,3,10,2,1025,341,randomized_range,svd_pseudoinverse,155.171824000,16.118777000,0.286062000,96.202085000,1.405067000,114.011991000,0.014533565,0.003861315,3.763889813,1.000000000,465124,ok
4097,4150,false,3,11,2,1025,204,matrix_norms,intersection_inverse,155.171824000,1.900549000,0.167133000,4.048836000,0.908321000,7.024839000,0.983153999,0.018753905,52.423962196,1.000000000,166464,ok
4097,4150,false,3,11,2,1025,204,matrix_norms,svd_pseudoinverse,155.171824000,1.900549000,0.167133000,49.279093000,1.124919000,52.471694000,0.063548841,0.018753905,3.388565800,1.000000000,166464,ok
4097,4150,false,3,11,2,1025,204,randomized_range,intersection_inverse,155.171824000,10.645970000,0.166311000,4.037978000,0.901010000,15.751269000,0.983153939,0.018753905,52.423959018,1.000000000,166464,ok
4097,4150,false,3,11,2,1025,204,randomized_range,svd_pseudoinverse,155.171824000,10.645970000,0.166311000,49.184039000,1.103801000,61.100121000,0.063548826,0.018753905,3.388565005,1.000000000,166464,ok
4097,4150,false,3,12,3,513,85,matrix_norms,intersection_inverse,155.171824000,1.707301000,0.115247000,0.378795000,0.705054000,2.906397000,0.911264300,0.021238355,42.906538750,1.000000000,28900,ok
4097,4150,false,3,12,3,513,85,matrix_norms,svd_pseudoinverse,155.171824000,1.707301000,0.115247000,15.817031000,0.767956000,18.407535000,0.069584787,0.021238355,3.276373665,1.000000000,28900,ok
4097,4150,false,3,12,3,513,85,randomized_range,intersection_inverse,155.171824000,5.715783000,0.120312000,0.400288000,0.703259000,6.939642000,0.911264300,0.021238355,42.906538750,1.000000000,28900,ok
4097,4150,false,3,12,3,513,85,randomized_range,svd_pseudoinverse,155.171824000,5.715783000,0.120312000,14.753440000,0.754266000,21.343801000,0.069584787,0.021238355,3.276373665,1.000000000,28900,ok
4097,4150,false,3,13,3,513,51,matrix_norms,intersection_inverse,155.171824000,1.725874000,0.097840000,0.128160000,0.669116000,2.620990000,1.707945108,0.062606543,27.280616663,1.000000000,10404,ok
4097,4150,false,3,13,3,513,51,matrix_norms,svd_pseudoinverse,155.171824000,1.725874000,0.097840000,8.079028000,0.718169000,10.620911000,0.173803672,0.062606543,2.776126312,1.000000000,10404,ok
4097,4150,false,3,13,3,513,51,randomized_range,intersection_inverse,155.171824000,4.564773000,0.113382000,0.126898000,0.652990000,5.458043000,1.707945108,0.062606543,27.280616663,1.000000000,10404,ok
4097,4150,false,3,13,3,513,51,randomized_range,svd_pseudoinverse,155.171824000,4.564773000,0.113382000,8.001407000,0.716729000,13.396291000,0.173803672,0.062606543,2.776126312,1.000000000,10404,ok
4097,4150,false,3,14,3,513,170,matrix_norms,intersection_inverse,155.171824000,1.713503000,0.145286000,2.394695000,0.841702000,5.095186000,1.598383069,0.002772897,576.430784799,0.296653136,115600,ok
4097,4150,false,3,14,3,513,170,matrix_norms,svd_pseudoinverse,155.171824000,1.713503000,0.145286000,34.131207000,0.907227000,36.897223000,0.010527979,0.002772897,3.796743793,1.000000000,115600,ok
4097,4150,false,3,14,3,513,170,randomized_range,intersection_inverse,155.171824000,9.003620000,0.166352000,2.432971000,0.849360000,12.452303000,1.598383069,0.002772897,576.430784799,0.296653136,115600,ok
4097,4150,false,3,14,3,513,170,randomized_range,svd_pseudoinverse,155.171824000,9.003620000,0.166352000,32.293909000,0.905570000,42.369451000,0.010527979,0.002772897,3.796743793,1.000000000,115600,ok
4097,4150,false,3,15,3,513,102,matrix_norms,intersection_inverse,155.171824000,1.755677000,0.141343000,0.648897000,0.721405000,3.267322000,3.263840437,0.013347575,244.526856514,0.421221626,41616,ok
4097,4150,false,3,15,3,513,102,matrix_norms,svd_pseudoinverse,155.171824000,1.755677000,0.141343000,18.326540000,0.766159000,20.989719000,0.044855796,0.013347575,3.360595273,1.000000000,41616,ok
4097,4150,false,3,15,3,513,102,randomized_range,intersection_inverse,155.171824000,6.241435000,0.118371000,0.621997000,0.729810000,7.711613000,3.263840437,0.013347575,244.526856514,0.421221626,41616,ok
4097,4150,false,3,15,3,513,102,randomized_range,svd_pseudoinverse,155.171824000,6.241435000,0.118371000,18.227922000,0.806524000,25.394252000,0.044855796,0.013347575,3.360595273,1.000000000,41616,ok
4097,4150,false,3,16,4,257,85,matrix_norms,intersection_inverse,155.171824000,1.735100000,0.114927000,0.398137000,0.714312000,2.962476000,0.230816767,0.001980891,116.521663252,0.738060182,28900,ok
4097,4150,false,3,16,4,257,85,matrix_norms,svd_pseudoinverse,155.171824000,1.735100000,0.114927000,14.968393000,0.755636000,17.574056000,0.007829736,0.001980891,3.952632529,1.000000000,28900,ok
4097,4150,false,3,16,4,257,85,randomized_range,intersection_inverse,155.171824000,5.706056000,0.113937000,0.375438000,0.701937000,6.897368000,0.230816767,0.001980891,116.521663252,0.738060182,28900,ok
4097,4150,false,3,16,4,257,85,randomized_range,svd_pseudoinverse,155.171824000,5.706056000,0.113937000,14.746544000,0.752831000,21.319368000,0.007829736,0.001980891,3.952632529,1.000000000,28900,ok
4097,4150,false,3,17,4,257,51,matrix_norms,intersection_inverse,155.171824000,1.733874000,0.105548000,0.131973000,0.682950000,2.654345000,0.861560166,0.009561076,90.111215651,0.577064682,10404,ok
4097,4150,false,3,17,4,257,51,matrix_norms,svd_pseudoinverse,155.171824000,1.733874000,0.105548000,8.057323000,0.735563000,10.632308000,0.031970765,0.009561076,3.343846029,1.000000000,10404,ok
4097,4150,false,3,17,4,257,51,randomized_range,intersection_inverse,155.171824000,4.634068000,0.114471000,0.129252000,0.656726000,5.534517000,0.861560166,0.009561076,90.111215651,0.577064682,10404,ok
4097,4150,false,3,17,4,257,51,randomized_range,svd_pseudoinverse,155.171824000,4.634068000,0.114471000,8.107695000,0.725198000,13.581432000,0.031970765,0.009561076,3.343846029,1.000000000,10404,ok
4097,4150,false,4,0,0,4097,341,matrix_norms,intersection_inverse,154.116052000,1.788689000,0.162950000,19.902274000,1.202292000,23.056205000,36.239826202,0.238158822,152.166633547,1.000000000,465124,ok
4097,4150,false,4,0,0,4097,341,matrix_norms,svd_pseudoinverse,154.116052000,1.788689000,0.162950000,102.788126000,1.440718000,106.180483000,0.625215352,0.238158822,2.625203409,1.000000000,465124,ok
4097,4150,false,4,0,0,4097,341,randomized_range,intersection_inverse,154.116052000,16.019264000,0.287357000,19.941018000,1.160868000,37.408507000,8.182067871,0.238158822,34.355510329,1.000000000,465124,ok
4097,4150,false,4,0,0,4097,341,randomized_range,svd_pseudoinverse,154.116052000,16.019264000,0.287357000,104.236631000,1.435807000,121.979059000,0.624986410,0.238158822,2.624242112,1.000000000,465124,ok
4097,4150,false,4,1,0,4097,204,matrix_norms,intersection_inverse,154.116052000,1.921409000,0.169686000,4.175719000,0.912754000,7.179568000,14.096904755,0.497880459,28.313834184,1.000000000,166464,ok
4097,4150,false,4,1,0,4097,204,matrix_norms,svd_pseudoinverse,154.116052000,1.921409000,0.169686000,52.206098000,1.195803000,55.492996000,1.132730365,0.497880459,2.275105087,1.000000000,166464,ok
4097,4150,false,4,1,0,4097,204,randomized_range,intersection_inverse,154.116052000,10.664924000,0.172571000,4.169338000,0.932954000,15.939787000,12.540964127,0.497880459,25.188705249,1.000000000,166464,ok
4097,4150,false,4,1,0,4097,204,randomized_range,svd_pseudoinverse,154.116052000,10.664924000,0.172571000,53.495567000,1.134338000,65.467400000,1.133282900,0.497880459,2.276214862,1.000000000,166464,ok
4097,4150,false,4,2,1,2049,170,matrix_norms,intersection_inverse,154.116052000,1.767212000,0.157681000,2.457889000,0.869704000,5.252486000,4.930933952,0.169633135,29.068223885,1.000000000,115600,ok
4097,4150,false,4,2,1,2049,170,matrix_norms,svd_pseudoinverse,154.116052000,1.767212000,0.157681000,36.925545000,0.940786000,39.791224000,0.443616122,0.169633135,2.615150168,1.000000000,115600,ok
4097,4150,false,4,2,1,2049,170,randomized_range,intersection_inverse,154.116052000,9.058812000,0.169019000,2.526286000,0.855618000,12.609735000,8.776134491,0.169633135,51.735968215,1.000000000,115600,ok
4097,4150,false,4,2,1,2049,170,randomized_range,svd_pseudoinverse,154.116052000,9.058812000,0.169019000,33.946076000,0.896498000,44.070405000,0.443073392,0.169633135,2.611950734,1.000000000,115600,ok
4097,4150,false,4,3,1,2049,102,matrix_norms,intersection_inverse,154.116052000,1.726702000,0.122153000,0.626563000,0.729309000,3.204727000,108.828063965,0.353119880,308.190136383,0.334209268,41616,ok
4097,4150,false,4,3,1,2049,102,matrix_norms,svd_pseudoinverse,154.116052000,1.726702000,0.122153000,18.790130000,0.800106000,21.439091000,0.797288537,0.353119880,2.257840983,1.000000000,41616,ok
4097,4150,false,4,3,1,2049,102,randomized_range,intersection_inverse,154.116052000,6.239212000,0.139167000,0.608742000,0.719888000,7.707009000,7.383112907,0.353119880,20.908233510,1.000000000,41616,ok
4097,4150,false,4,3,1,2049,102,randomized_range,svd_pseudoinverse,154.116052000,6.239212000,0.139167000,18.653423000,0.770742000,25.802544000,0.800480545,0.353119880,2.266880428,1.000000000,41616,ok
4097,4150,false,4,4,1,2049,341,matrix_norms,intersection_inverse,154.116052000,1.776891000,0.156983000,19.718162000,1.075649000,22.727685000,2.933938980,0.041730363,70.307056413,1.000000000,465124,ok
4097,4150,false,4,4,1,2049,341,matrix_norms,svd_pseudoinverse,154.116052000,1.776891000,0.156983000,98.112443000,1.429074000,101.475391000,0.131673232,0.041730363,3.155333970,1.000000000,465124,ok
4097,4150,false,4,4,1,2049,341,randomized_range,intersection_inverse,154.116052000,16.013737000,0.185216000,19.971150000,1.132977000,37.303080000,2.933938980,0.041730363,70.307056413,1.000000000,465124,ok
4097,4150,false,4,4,1,2049,341,randomized_range,svd_pseudoinverse,154.116052000,16.013737000,0.185216000,100.437644000,1.419835000,118.056432000,0.131673262,0.041730363,3.155334684,1.000000000,465124,ok
4097,4150,false,4,5,1,2049,204,matrix_norms,intersection_inverse,154.116052000,1.960629000,0.183022000,4.121062000,0.931307000,7.196020000,7.963092804,0.123552322,64.451178659,1.000000000,166464,ok
4097,4150,false,4,5,1,2049,204,matrix_norms,svd_pseudoinverse,154.116052000,1.960629000,0.183022000,50.779104000,1.201522000,54.124277000,0.339722812,0.123552322,2.749627086,1.000000000,166464,ok
4097,4150,false,4,5,1,2049,204,randomized_range,intersection_inverse,154.116052000,10.630551000,0.164225000,4.043114000,0.917220000,15.755110000,8.848737717,0.123552322,71.619355635,1.000000000,166464,ok
4097,4150,false,4,5,1,2049,204,randomized_range,svd_pseudoinverse,154.116052000,10.630551000,0.164225000,50.381438000,1.121139000,62.297353000,0.339796066,0.123552322,2.750219985,1.000000000,166464,ok
4097,4150,false,4,6,2,1025,85,matrix_norms,intersection_inverse,154.116052000,1.741674000,0.114132000,0.390725000,0.710868000,2.957399000,92.364700317,0.120530151,766.320291485,0.112224615,28900,ok
4097,4150,false,4,6,2,1025,85,matrix_norms,svd_pseudoinverse,154.116052000,1.741674000,0.114132000,16.222210000,0.782356000,18.860372000,0.316394746,0.120530151,2.625025723,1.000000000,28900,ok
4097,4150,false,4,6,2,1025,85,randomized_range,intersection_inverse,154.116052000,5.724163000,0.136416000,0.376216000,0.681211000,6.918006000,1.940468788,0.120530151,16.099447107,1.000000000,28900,ok
4097,4150,false,4,6,2,1025,85,randomized_range,svd_pseudoinverse,154.116052000,5.724163000,0.136416000,15.059645000,0.747989000,21.668213000,0.317477793,0.120530151,2.634011410,1.000000000,28900,ok
4097,4150,false,4,7,2,1025,51,matrix_norms,intersection_inverse,154.116052000,1.767803000,0.104806000,0.131431000,0.663251000,2.667291000,5.724305630,0.251202792,22.787587613,1.000000000,10404,ok
4097,4150,false,4,7,2,1025,51,matrix_norms,svd_pseudoinverse,154.116052000,1.767803000,0.104806000,8.142681000,0.724517000,10.739807000,0.555575669,0.251202792,2.211661998,1.000000000,10404,ok
4097,4150,false,4,7,2,1025,51,randomized_range,intersection_inverse,154.116052000,4.566039000,0.117245000,0.130568000,0.674758000,5.488610000,2.701776743,0.251202792,10.755361126,1.000000000,10404,ok
4097,4150,false,4,7,2,1025,51,randomized_range,svd_pseudoinverse,154.116052000,4.566039000,0.117245000,8.051944000,0.723553000,13.458781000,0.556004286,0.251202792,2.213368257,1.000000000,10404,ok
4097,4150,false,4,8,2,1025,170,matrix_norms,intersection_inverse,154.116052000,1.723015000,0.143093000,2.459746000,0.824863000,5.150717000,18.197723389,0.029823966,610.171135213,0.280249245,115600,ok
4097,4150,false,4,8,2,1025,170,matrix_norms,svd_pseudoinverse,154.116052000,1.723015000,0.143093000,34.909390000,0.907086000,37.682584000,0.095965445,0.029823966,3.217729124,1.000000000,115600,ok
4097,4150,false,4,8,2,1025,170,randomized_range,intersection_inverse,154.116052000,9.073662000,0.167087000,2.470538000,0.852476000,12.563763000,18.197723389,0.029823966,610.171135213,0.280249245,115600,ok
4097,4150,false,4,8,2,1025,170,randomized_range,svd_pseudoinverse,154.116052000,9.073662000,0.167087000,32.425103000,0.900457000,42.566309000,0.095965452,0.029823966,3.217729374,1.000000000,115600,ok
4097,4150,false,4,9,2,1025,102,matrix_norms,intersection_inverse,154.116052000,1.752175000,0.120377000,0.616842000,0.731716000,3.221110000,4.240717411,0.087755352,48.324316431,1.000000000,41616,ok
4097,4150,false,4,9,2,1025,102,matrix_norms,svd_pseudoinverse,154.116052000,1.752175000,0.120377000,18.448527000,0.800373000,21.121452000,0.244509384,0.087755352,2.786261781,1.000000000,41616,ok
4097,4150,false,4,9,2,1025,102,randomized_range,intersection_inverse,154.116052000,6.218212000,0.145416000,0.614912000,0.713241000,7.691781000,4.240717411,0.087755352,48.324316431,1.000000000,41616,ok
4097,4150,false,4,9,2,1025,102,randomized_range,svd_pseudoinverse,154.116052000,6.218212000,0.145416000,18.332428000,0.791510000,25.487566000,0.244509384,0.087755352,2.786261781,1.000000000,41616,ok
4097,4150,false,4,10,2,1025,341,matrix_norms,intersection_inverse,154.116052000,1.770479000,0.172666000,20.012619000,1.068520000,23.024284000,2.636272907,0.003861315,682.739608603,0.500923040,465124,ok
4097,4150,false,4,10,2,1025,341,matrix_norms,svd_pseudoinverse,154.116052000,1.770479000,0.172666000,94.711318000,1.465512000,98.119975000,0.014626428,0.003861315,3.787939176,1.000000000,465124,ok
4097,4150,false,4,10,2,1025,341,randomized_range,intersection_inverse,154.116052000,16.094269000,0.296132000,20.229688000,1.159204000,37.779293000,2.636273384,0.003861315,682.739732094,0.500922949,465124,ok
4097,4150,false,4,10,2,1025,341,randomized_range,svd_pseudoinverse,154.116052000,16.094269000,0.296132000,96.664885000,1.434096000,114.489382000,0.014626426,0.003861315,3.787938693,1.000000000,465124,ok
4097,4150,false,4,11,2,1025,204,matrix_norms,intersection_inverse,154.116052000,1.961934000,0.179723000,4.126583000,0.906260000,7.174500000,0.666008890,0.018753905,35.513078211,1.000000000,166464,ok
4097,4150,false,4,11,2,1025,204,matrix_norms,svd_pseudoinverse,154.116052000,1.961934000,0.179723000,49.198743000,1.130411000,52.470811000,0.063161276,0.018753905,3.367900007,1.000000000,166464,ok
4097,4150,false,4,11,2,1025,204,randomized_range,intersection_inverse,154.116052000,10.688576000,0.168030000,4.183015000,0.893744000,15.933365000,0.666008890,0.018753905,35.513078211,1.000000000,166464,ok
4097,4150,false,4,11,2,1025,204,randomized_range,svd_pseudoinverse,154.116052000,10.688576000,0.168030000,48.412467000,1.089636000,60.358709000,0.063161261,0.018753905,3.367899213,1.000000000,166464,ok
4097,4150,false,4,12,3,513,85,matrix_norms,intersection_inverse,154.116052000,1.732852000,0.111304000,0.389204000,0.702549000,2.935909000,1.035223961,0.021238355,48.743133003,1.000000000,28900,ok
4097,4150,false,4,12,3,513,85,matrix_norms,svd_pseudoinverse,154.116052000,1.732852000,0.111304000,15.885192000,0.758750000,18.488098000,0.065978751,0.021238355,3.106584794,1.000000000,28900,ok
4097,4150,false,4,12,3,513,85,randomized_range,intersection_inverse,154.116052000,5.674459000,0.132481000,0.357578000,0.660224000,6.824742000,1.035223961,0.021238355,48.743133003,1.000000000,28900,ok
4097,4150,false,4,12,3,513,85,randomized_range,svd_pseudoinverse,154.116052000,5.674459000,0.132481000,14.810299000,0.744860000,21.362099000,0.065978751,0.021238355,3.106584794,1.000000000,28900,ok
4097,4150,false,4,13,3,513,51,matrix_norms,intersection_inverse,154.116052000,1.729926000,0.107241000,0.128701000,0.687021000,2.652889000,2.556079626,0.062606543,40.827675371,1.000000000,10404,ok
4097,4150,false,4,13,3,513,51,matrix_norms,svd_pseudoinverse,154.116052000,1.729926000,0.107241000,8.038826000,0.726925000,10.602918000,0.172982976,0.062606543,2.763017517,1.000000000,10404,ok
4097,4150,false,4,13,3,513,51,randomized_range,intersection_inverse,154.116052000,4.613171000,0.111188000,0.166787000,0.662431000,5.553577000,2.556079626,0.062606543,40.827675371,1.000000000,10404,ok
4097,4150,false,4,13,3,513,51,randomized_range,svd_pseudoinverse,154.116052000,4.613171000,0.111188000,7.905849000,0.704082000,13.334290000,0.172982976,0.062606543,2.763017517,1.000000000,10404,ok
4097,4150,false,4,14,3,513,170,matrix_norms,intersection_inverse,154.116052000,1.730046000,0.158107000,2.459148000,0.840733000,5.188034000,0.119909398,0.002772897,43.243368803,1.000000000,115600,ok
4097,4150,false,4,14,3,513,170,matrix_norms,svd_pseudoinverse,154.116052000,1.730046000,0.158107000,34.268346000,68.190236000,104.346735000,0.010570839,0.002772897,3.812200696,1.000000000,115600,ok
4097,4150,false,4,14,3,513,170,randomized_range,intersection_inverse,154.116052000,9.075818000,0.169885000,2.278071000,1.043328000,12.567102000,0.119909398,0.002772897,43.243368803,1.000000000,115600,ok
4097,4150,false,4,14,3,513,170,randomized_range,svd_pseudoinverse,154.116052000,9.075818000,0.169885000,32.265545000,0.955345000,42.466593000,0.010570839,0.002772897,3.812200696,1.000000000,115600,ok
4097,4150,false,4,15,3,513,102,matrix_norms,intersection_inverse,154.116052000,1.776377000,0.130748000,0.617062000,0.752386000,3.276573000,0.404785663,0.013347575,30.326533304,1.000000000,41616,ok
4097,4150,false,4,15,3,513,102,matrix_norms,svd_pseudoinverse,154.116052000,1.776377000,0.130748000,18.248497000,0.798347000,20.953969000,0.044914093,0.013347575,3.364962888,1.000000000,41616,ok
4097,4150,false,4,15,3,513,102,randomized_range,intersection_inverse,154.116052000,6.172635000,0.152793000,0.615147000,3.541011000,10.481586000,0.404785663,0.013347575,30.326533304,1.000000000,41616,ok
4097,4150,false,4,15,3,513,102,randomized_range,svd_pseudoinverse,154.116052000,6.172635000,0.152793000,18.052050000,0.782028000,25.159506000,0.044914093,0.013347575,3.364962888,1.000000000,41616,ok
4097,4150,false,4,16,4,257,85,matrix_norms,intersection_inverse,154.116052000,1.739673000,0.112549000,0.378297000,0.689200000,2.919719000,0.287003458,0.001980891,144.886009461,0.593570078,28900,ok
4097,4150,false,4,16,4,257,85,matrix_norms,svd_pseudoinverse,154.116052000,1.739673000,0.112549000,14.848151000,0.763399000,17.463772000,0.007846735,0.001980891,3.961214237,1.000000000,28900,ok
4097,4150,false,4,16,4,257,85,randomized_range,intersection_inverse,154.116052000,5.760035000,0.139173000,0.379898000,0.701574000,6.980680000,0.287003458,0.001980891,144.886009461,0.593570078,28900,ok
4097,4150,false,4,16,4,257,85,randomized_range,svd_pseudoinverse,154.116052000,5.760035000,0.139173000,14.755421000,0.758507000,21.413136000,0.007846735,0.001980891,3.961214237,1.000000000,28900,ok
4097,4150,false,4,17,4,257,51,matrix_norms,intersection_inverse,154.116052000,1.727444000,0.109328000,0.139050000,0.694933000,2.670755000,0.291274726,0.009561076,30.464639294,1.000000000,10404,ok
4097,4150,false,4,17,4,257,51,matrix_norms,svd_pseudoinverse,154.116052000,1.727444000,0.109328000,7.956586000,0.711510000,10.504868000,0.031109706,0.009561076,3.253787139,1.000000000,10404,ok
4097,4150,false,4,17,4,257,51,randomized_range,intersection_inverse,154.116052000,4.537956000,0.113789000,0.127789000,0.657114000,5.436648000,0.291274726,0.009561076,30.464639294,1.000000000,10404,ok
4097,4150,false,4,17,4,257,51,randomized_range,svd_pseudoinverse,154.116052000,4.537956000,0.113789000,7.960451000,0.731255000,13.343451000,0.031109706,0.009561076,3.253787139,1.000000000,10404,ok
4097,4150,true,0,0,0,4097,341,matrix_norms,intersection_inverse,154.308432000,1.827734000,0.176947000,19.582211000,1.175937000,22.762829000,0.818865538,0.003484636,234.993129543,1.000000000,465124,ok
4097,4150,true,0,0,0,4097,341,matrix_norms,svd_pseudoinverse,154.308432000,1.827734000,0.176947000,96.359013000,1.440775000,99.804469000,0.009834818,0.003484636,2.822337078,1.000000000,465124,ok
4097,4150,true,0,0,0,4097,341,randomized_range,intersection_inverse,154.308432000,16.032266000,0.302763000,20.513889000,1.187931000,38.036849000,0.818865538,0.003484636,234.993129543,1.000000000,465124,ok
4097,4150,true,0,0,0,4097,341,randomized_range,svd_pseudoinverse,154.308432000,16.032266000,0.302763000,98.321122000,1.414364000,116.070515000,0.009834551,0.003484636,2.822260640,1.000000000,465124,ok
4097,4150,true,0,1,0,4097,204,matrix_norms,intersection_inverse,154.308432000,1.957193000,0.185878000,4.127076000,0.936176000,7.206323000,0.401687175,0.007541013,53.267001778,1.000000000,166464,ok
4097,4150,true,0,1,0,4097,204,matrix_norms,svd_pseudoinverse,154.308432000,1.957193000,0.185878000,48.464414000,1.109723000,51.717208000,0.021229381,0.007541013,2.815189361,1.000000000,166464,ok
4097,4150,true,0,1,0,4097,204,randomized_range,intersection_inverse,154.308432000,10.598894000,0.173312000,3.994433000,0.868980000,15.635619000,0.401687175,0.007541013,53.267001778,1.000000000,166464,ok
4097,4150,true,0,1,0,4097,204,randomized_range,svd_pseudoinverse,154.308432000,10.598894000,0.173312000,48.258443000,1.109809000,60.140458000,0.021229453,0.007541013,2.815198994,1.000000000,166464,ok
4097,4150,true,0,2,1,2049,170,matrix_norms,intersection_inverse,154.308432000,1.710998000,0.158062000,2.361270000,0.831207000,5.061537000,0.173472226,0.002480370,69.938043996,1.000000000,115600,ok
4097,4150,true,0,2,1,2049,170,matrix_norms,svd_pseudoinverse,154.308432000,1.710998000,0.158062000,34.575945000,0.878034000,37.323039000,0.006925556,0.002480370,2.792146292,1.000000000,115600,ok
4097,4150,true,0,2,1,2049,170,randomized_range,intersection_inverse,154.308432000,9.079528000,0.163678000,2.445742000,0.858516000,12.547464000,0.173472226,0.002480370,69.938043996,1.000000000,115600,ok
4097,4150,true,0,2,1,2049,170,randomized_range,svd_pseudoinverse,154.308432000,9.079528000,0.163678000,31.348822000,0.846297000,41.438325000,0.006925556,0.002480370,2.792146292,1.000000000,115600,ok
4097,4150,true,0,3,1,2049,102,matrix_norms,intersection_inverse,154.308432000,1.725040000,0.118822000,0.601433000,0.723324000,3.168619000,0.138357133,0.005351901,25.851962379,1.000000000,41616,ok
4097,4150,true,0,3,1,2049,102,matrix_norms,svd_pseudoinverse,154.308432000,1.725040000,0.118822000,18.032383000,0.774901000,20.651146000,0.015121852,0.005351901,2.825510638,1.000000000,41616,ok
4097,4150,true,0,3,1,2049,102,randomized_range,intersection_inverse,154.308432000,6.229992000,0.150362000,0.612931000,0.720234000,7.713519000,0.138357133,0.005351901,25.851962379,1.000000000,41616,ok
4097,4150,true,0,3,1,2049,102,randomized_range,svd_pseudoinverse,154.308432000,6.229992000,0.150362000,17.982247000,0.770061000,25.132662000,0.015121852,0.005351901,2.825510638,1.000000000,41616,ok
4097,4150,true,0,4,1,2049,341,matrix_norms,intersection_inverse,154.308432000,1.720859000,0.153141000,19.225434000,1.054332000,22.153766000,0.051887430,0.000869534,59.672692514,1.000000000,465124,ok
4097,4150,true,0,4,1,2049,341,matrix_norms,svd_pseudoinverse,154.308432000,1.720859000,0.153141000,95.529518000,1.434787000,98.838305000,0.002640723,0.000869534,3.036941043,1.000000000,465124,ok
4097,4150,true,0,4,1,2049,341,randomized_range,intersection_inverse,154.308432000,16.243154000,0.192292000,18.963059000,1.096853000,36.495358000,0.051887430,0.000869534,59.672692514,1.000000000,465124,ok
4097,4150,true,0,4,1,2049,341,randomized_range,svd_pseudoinverse,154.308432000,16.243154000,0.192292000,96.581788000,1.313168000,114.330402000,0.002640723,0.000869534,3.036941043,1.000000000,465124,ok
4097,4150,true,0,5,1,2049,204,matrix_norms,intersection_inverse,154.308432000,1.848087000,0.173352000,3.777157000,0.914133000,6.712729000,0.135608241,0.001885221,71.932287192,1.000000000,166464,ok
4097,4150,true,0,5,1,2049,204,matrix_norms,svd_pseudoinverse,154.308432000,1.848087000,0.173352000,48.376841000,1.070686000,51.468966000,0.005277530,0.001885221,2.799422722,1.000000000,166464,ok
4097,4150,true,0,5,1,2049,204,randomized_range,intersection_inverse,154.308432000,10.563237000,0.153616000,3.734163000,0.886992000,15.338008000,0.135608241,0.001885221,71.932287192,1.000000000,166464,ok
4097,4150,true,0,5,1,2049,204,randomized_range,svd_pseudoinverse,154.308432000,10.563237000,0.153616000,47.648462000,1.076680000,59.441995000,0.005277530,0.001885221,2.799422722,1.000000000,166464,ok
4097,4150,true,0,6,2,1025,85,matrix_norms,intersection_inverse,154.308432000,1.668725000,0.113229000,0.359137000,0.701020000,2.842111000,0.028044896,0.001761633,15.919832459,1.000000000,28900,ok
4097,4150,true,0,6,2,1025,85,matrix_norms,svd_pseudoinverse,154.308432000,1.668725000,0.113229000,15.843070000,0.755175000,18.380199000,0.005148597,0.001761633,2.922627869,1.000000000,28900,ok
4097,4150,true,0,6,2,1025,85,randomized_range,intersection_inverse,154.308432000,5.756500000,0.163927000,0.379196000,0.681034000,6.980657000,0.028044896,0.001761633,15.919832459,1.000000000,28900,ok
4097,4150,true,0,6,2,1025,85,randomized_range,svd_pseudoinverse,154.308432000,5.756500000,0.163927000,14.643865000,0.728017000,21.292309000,0.005148597,0.001761633,2.922627869,1.000000000,28900,ok
4097,4150,true,0,7,2,1025,51,matrix_norms,intersection_inverse,154.308432000,1.643632000,0.111804000,0.126995000,0.651787000,2.534218000,0.398208529,0.003812205,104.456213553,0.497816245,10404,ok
4097,4150,true,0,7,2,1025,51,matrix_norms,svd_pseudoinverse,154.308432000,1.643632000,0.111804000,7.884244000,0.723075000,10.362755000,0.010667068,0.003812205,2.798135769,1.000000000,10404,ok
4097,4150,true,0,7,2,1025,51,randomized_range,intersection_inverse,154.308432000,4.609443000,0.109307000,0.125706000,0.645340000,5.489796000,0.398208529,0.003812205,104.456213553,0.497816245,10404,ok
4097,4150,true,0,7,2,1025,51,randomized_range,svd_pseudoinverse,154.308432000,4.609443000,0.109307000,7.810549000,0.698992000,13.228291000,0.010667068,0.003812205,2.798135769,1.000000000,10404,ok
4097,4150,true,0,8,2,1025,170,matrix_norms,intersection_inverse,154.308432000,1.691215000,0.145214000,2.246189000,0.848153000,4.930771000,0.025343819,0.000618954,40.946202162,1.000000000,115600,ok
4097,4150,true,0,8,2,1025,170,matrix_norms,svd_pseudoinverse,154.308432000,1.691215000,0.145214000,34.323144000,0.877704000,37.037277000,0.001924819,0.000618954,3.109793625,1.000000000,115600,ok
4097,4150,true,0,8,2,1025,170,randomized_range,intersection_inverse,154.308432000,8.949238000,0.163068000,2.301858000,0.830301000,12.244465000,0.025343819,0.000618954,40.946202162,1.000000000,115600,ok
4097,4150,true,0,8,2,1025,170,randomized_range,svd_pseudoinverse,154.308432000,8.949238000,0.163068000,32.339516000,0.867314000,42.319136000,0.001924819,0.000618954,3.109793625,1.000000000,115600,ok
4097,4150,true,0,9,2,1025,102,matrix_norms,intersection_inverse,154.308432000,1.757527000,0.118807000,0.607878000,0.725090000,3.209302000,27.132383347,0.001337960,20278.917694351,0.005079167,41616,ok
4097,4150,true,0,9,2,1025,102,matrix_norms,svd_pseudoinverse,154.308432000,1.757527000,0.118807000,17.966010000,0.764112000,20.606456000,0.003875568,0.001337960,2.896624638,1.000000000,41616,ok
4097,4150,true,0,9,2,1025,102,randomized_range,intersection_inverse,154.308432000,6.167487000,0.148621000,0.577788000,0.703015000,7.596911000,27.132383347,0.001337960,20278.917694351,0.005079167,41616,ok
4097,4150,true,0,9,2,1025,102,randomized_range,svd_pseudoinverse,154.308432000,6.167487000,0.148621000,17.781001000,0.758767000,24.855876000,0.003875568,0.001337960,2.896624638,1.000000000,41616,ok
4097,4150,true,0,10,2,1025,341,matrix_norms,intersection_inverse,154.308432000,1.707957000,0.160032000,18.758398000,1.017996000,21.644383000,0.045959074,0.000213855,214.907463356,1.000000000,465124,ok
4097,4150,true,0,10,2,1025,341,matrix_norms,svd_pseudoinverse,154.308432000,1.707957000,0.160032000,94.467184000,1.391272000,97.726445000,0.002683372,0.000213855,12.547612904,1.000000000,465124,ok
4097,4150,true,0,10,2,1025,341,randomized_range,intersection_inverse,154.308432000,15.937224000,0.283334000,18.777115000,1.109335000,36.107008000,0.045959074,0.000213855,214.907463356,1.000000000,465124,ok
4097,4150,true,0,10,2,1025,341,randomized_range,svd_pseudoinverse,154.308432000,15.937224000,0.283334000,96.238505000,1.350804000,113.809867000,0.002683372,0.000213855,12.547612904,1.000000000,465124,ok
4097,4150,true,0,11,2,1025,204,matrix_norms,intersection_inverse,154.308432000,1.802176000,0.173951000,3.966332000,0.881661000,6.824120000,0.031155264,0.000469733,66.325428995,1.000000000,166464,ok
4097,4150,true,0,11,2,1025,204,matrix_norms,svd_pseudoinverse,154.308432000,1.802176000,0.173951000,48.357253000,1.117916000,51.451296000,0.002236222,0.000469733,4.760621153,1.000000000,166464,ok
4097,4150,true,0,11,2,1025,204,randomized_range,intersection_inverse,154.308432000,10.549853000,0.160254000,3.677828000,0.875113000,15.263048000,0.031155264,0.000469733,66.325428995,1.000000000,166464,ok
4097,4150,true,0,11,2,1025,204,randomized_range,svd_pseudoinverse,154.308432000,10.549853000,0.160254000,48.079964000,1.108076000,59.898147000,0.002236222,0.000469733,4.760621153,1.000000000,166464,ok
4097,4150,true,0,12,3,513,85,matrix_norms,intersection_inverse,154.308432000,1.743556000,0.114444000,0.399934000,0.717916000,2.975850000,0.013777728,0.000439609,31.340865571,1.000000000,28900,ok
4097,4150,true,0,12,3,513,85,matrix_norms,svd_pseudoinverse,154.308432000,1.743556000,0.114444000,15.701193000,0.761515000,18.320708000,0.001504173,0.000439609,3.421614724,1.000000000,28900,ok
4097,4150,true,0,12,3,513,85,randomized_range,intersection_inverse,154.308432000,5.609027000,0.130628000,0.345649000,0.646334000,6.731638000,0.013777728,0.000439609,31.340865571,1.000000000,28900,ok
4097,4150,true,0,12,3,513,85,randomized_range,svd_pseudoinverse,154.308432000,5.609027000,0.130628000,14.613989000,0.768123000,21.121767000,0.001504173,0.000439609,3.421614724,1.000000000,28900,ok
4097,4150,true,0,13,3,513,51,matrix_norms,intersection_inverse,154.308432000,1.726068000,0.114408000,0.131695000,0.668388000,2.640559000,0.028790247,0.000953051,30.208521529,1.000000000,10404,ok
4097,4150,true,0,13,3,513,51,matrix_norms,svd_pseudoinverse,154.308432000,1.726068000,0.114408000,7.890535000,0.698465000,10.429476000,0.002686309,0.000953051,2.818642541,1.000000000,10404,ok
4097,4150,true,0,13,3,513,51,randomized_range,intersection_inverse,154.308432000,4.545212000,0.110095000,0.123380000,0.643247000,5.421934000,0.028790247,0.000953051,30.208521529,1.000000000,10404,ok
4097,4150,true,0,13,3,513,51,randomized_range,svd_pseudoinverse,154.308432000,4.545212000,0.110095000,7.818077000,0.697545000,13.170929000,0.002686309,0.000953051,2.818642541,1.000000000,10404,ok
4097,4150,true,0,14,3,513,170,matrix_norms,intersection_inverse,154.308432000,1.724992000,0.152457000,2.345112000,0.855511000,5.078072000,0.058663428,0.000152265,385.273132663,0.443840968,115600,ok
4097,4150,true,0,14,3,513,170,matrix_norms,svd_pseudoinverse,154.308432000,1.724992000,0.152457000,33.976997000,0.855530000,36.709976000,0.002384714,0.000152265,15.661653257,1.000000000,115600,ok
4097,4150,true,0,14,3,513,170,randomized_range,intersection_inverse,154.308432000,8.982902000,0.174391000,2.238477000,0.851202000,12.246972000,0.058663428,0.000152265,385.273132663,0.443840968,115600,ok
4097,4150,true,0,14,3,513,170,randomized_range,svd_pseudoinverse,154.308432000,8.982902000,0.174391000,31.926308000,0.869507000,41.953108000,0.002384714,0.000152265,15.661653257,1.000000000,115600,ok
4097,4150,true,0,15,3,513,102,matrix_norms,intersection_inverse,154.308432000,1.729986000,0.099986000,0.602248000,0.713274000,3.145494000,0.016121080,0.000333385,48.355763767,1.000000000,41616,ok
4097,4150,true,0,15,3,513,102,matrix_norms,svd_pseudoinverse,154.308432000,1.729986000,0.099986000,17.878213000,0.755670000,20.463855000,0.001410554,0.000333385,4.231008998,1.000000000,41616,ok
4097,4150,true,0,15,3,513,102,randomized_range,intersection_inverse,154.308432000,6.243704000,0.154641000,0.597617000,0.732334000,7.728296000,0.016121080,0.000333385,48.355763767,1.000000000,41616,ok
4097,4150,true,0,15,3,513,102,randomized_range,svd_pseudoinverse,154.308432000,6.243704000,0.154641000,17.758059000,0.790060000,24.946464000,0.001410554,0.000333385,4.231008998,1.000000000,41616,ok
4097,4150,true,0,16,4,257,85,matrix_norms,intersection_inverse,154.308432000,1.767663000,0.113201000,0.385415000,0.696910000,2.963189000,0.151852310,0.000108166,1403.878010247,0.061258884,28900,ok
4097,4150,true,0,16,4,257,85,matrix_norms,svd_pseudoinverse,154.308432000,1.767663000,0.113201000,14.677706000,0.758864000,17.317434000,0.002733923,0.000108166,25.275181897,1.000000000,28900,ok
4097,4150,true,0,16,4,257,85,randomized_range,intersection_inverse,154.308432000,5.708414000,0.111386000,0.372207000,0.697774000,6.889781000,0.151852310,0.000108166,1403.878010247,0.061258884,28900,ok
4097,4150,true,0,16,4,257,85,randomized_range,svd_pseudoinverse,154.308432000,5.708414000,0.111386000,14.539928000,0.753238000,21.112966000,0.002733923,0.000108166,25.275181897,1.000000000,28900,ok
4097,4150,true,0,17,4,257,51,matrix_norms,intersection_inverse,154.308432000,1.745369000,0.105220000,0.138255000,0.666436000,2.655280000,0.056242932,0.000237490,236.822337391,0.219573882,10404,ok
4097,4150,true,0,17,4,257,51,matrix_norms,svd_pseudoinverse,154.308432000,1.745369000,0.105220000,7.842520000,0.718939000,10.412048000,0.001467177,0.000237490,6.177849310,1.000000000,10404,ok
4097,4150,true,0,17,4,257,51,randomized_range,intersection_inverse,154.308432000,4.536649000,0.112094000,0.125857000,0.657667000,5.432267000,0.056242932,0.000237490,236.822337391,0.219573882,10404,ok
4097,4150,true,0,17,4,257,51,randomized_range,svd_pseudoinverse,154.308432000,4.536649000,0.112094000,7.816424000,0.727068000,13.192235000,0.001467177,0.000237490,6.177849310,1.000000000,10404,ok
4097,4150,true,1,0,0,4097,341,matrix_norms,intersection_inverse,154.247975000,1.836484000,0.170839000,18.963656000,1.117461000,22.088440000,0.255710006,0.003484636,73.382126548,1.000000000,465124,ok
4097,4150,true,1,0,0,4097,341,matrix_norms,svd_pseudoinverse,154.247975000,1.836484000,0.170839000,95.175656000,1.380835000,98.563814000,0.009787414,0.003484636,2.808733538,1.000000000,465124,ok
4097,4150,true,1,0,0,4097,341,randomized_range,intersection_inverse,154.247975000,15.948147000,0.269195000,19.251013000,1.107950000,36.576305000,0.255710006,0.003484636,73.382126548,1.000000000,465124,ok
4097,4150,true,1,0,0,4097,341,randomized_range,svd_pseudoinverse,154.247975000,15.948147000,0.269195000,96.809251000,1.383362000,114.409955000,0.009788589,0.003484636,2.809070559,1.000000000,465124,ok
4097,4150,true,1,1,0,4097,204,matrix_norms,intersection_inverse,154.247975000,1.899959000,0.166162000,3.850413000,0.886950000,6.803484000,0.582035482,0.007541013,77.182660981,1.000000000,166464,ok
4097,4150,true,1,1,0,4097,204,matrix_norms,svd_pseudoinverse,154.247975000,1.899959000,0.166162000,49.019500000,1.080836000,52.166457000,0.020945782,0.007541013,2.777581830,1.000000000,166464,ok
4097,4150,true,1,1,0,4097,204,randomized_range,intersection_inverse,154.247975000,10.601042000,0.183227000,3.973887000,0.915797000,15.673953000,0.582035482,0.007541013,77.182660981,1.000000000,166464,ok
4097,4150,true,1,1,0,4097,204,randomized_range,svd_pseudoinverse,154.247975000,10.601042000,0.183227000,48.339590000,1.065557000,60.189416000,0.020945782,0.007541013,2.777581830,1.000000000,166464,ok
4097,4150,true,1,2,1,2049,170,matrix_norms,intersection_inverse,154.247975000,1.736073000,0.163980000,2.380279000,0.840978000,5.121310000,0.097119384,0.002480370,39.155200154,1.000000000,115600,ok
4097,4150,true,1,2,1,2049,170,matrix_norms,svd_pseudoinverse,154.247975000,1.736073000,0.163980000,34.488576000,0.874181000,37.262810000,0.006959814,0.002480370,2.805957848,1.000000000,115600,ok
4097,4150,true,1,2,1,2049,170,randomized_range,intersection_inverse,154.247975000,9.092191000,0.169236000,2.510364000,0.847174000,12.618965000,0.097119384,0.002480370,39.155200154,1.000000000,115600,ok
4097,4150,true,1,2,1,2049,170,randomized_range,svd_pseudoinverse,154.247975000,9.092191000,0.169236000,31.226019000,0.867791000,41.355237000,0.006959814,0.002480370,2.805957848,1.000000000,115600,ok
4097,4150,true,1,3,1,2049,102,matrix_norms,intersection_inverse,154.247975000,1.728441000,0.101758000,0.604172000,0.698960000,3.133331000,0.242625445,0.005351901,45.334445419,1.000000000,41616,ok
4097,4150,true,1,3,1,2049,102,matrix_norms,svd_pseudoinverse,154.247975000,1.728441000,0.101758000,18.085195000,0.763393000,20.678787000,0.015187209,0.005351901,2.837722641,1.000000000,41616,ok
4097,4150,true,1,3,1,2049,102,randomized_range,intersection_inverse,154.247975000,6.217921000,0.148759000,0.595116000,0.707347000,7.669143000,0.242625445,0.005351901,45.334445419,1.000000000,41616,ok
4097,4150,true,1,3,1,2049,102,randomized_range,svd_pseudoinverse,154.247975000,6.217921000,0.148759000,17.892515000,0.773984000,25.033179000,0.015187209,0.005351901,2.837722641,1.000000000,41616,ok
4097,4150,true,1,4,1,2049,341,matrix_norms,intersection_inverse,154.247975000,1.744172000,0.149783000,19.123918000,1.020246000,22.038119000,0.060828131,0.000869534,69.954868096,1.000000000,465124,ok
4097,4150,true,1,4,1,2049,341,matrix_norms,svd_pseudoinverse,154.247975000,1.744172000,0.149783000,95.348022000,1.378550000,98.620527000,0.002580436,0.000869534,2.967608684,1.000000000,465124,ok
4097,4150,true,1,4,1,2049,341,randomized_range,intersection_inverse,154.247975000,16.003498000,0.187241000,19.745258000,1.094513000,37.030510000,0.060828131,0.000869534,69.954868096,1.000000000,465124,ok
4097,4150,true,1,4,1,2049,341,randomized_range,svd_pseudoinverse,154.247975000,16.003498000,0.187241000,96.807448000,1.359440000,114.357627000,0.002580436,0.000869534,2.967608684,1.000000000,465124,ok
4097,4150,true,1,5,1,2049,204,matrix_norms,intersection_inverse,154.247975000,1.893713000,0.182648000,4.116459000,0.898675000,7.091495000,3.983038664,0.001885221,2112.770426289,0.097028999,166464,ok
4097,4150,true,1,5,1,2049,204,matrix_norms,svd_pseudoinverse,154.247975000,1.893713000,0.182648000,49.032784000,1.137529000,52.246674000,0.005311438,0.001885221,2.817409222,1.000000000,166464,ok
4097,4150,true,1,5,1,2049,204,randomized_range,intersection_inverse,154.247975000,10.649439000,0.170985000,4.157147000,0.896076000,15.873647000,3.983038664,0.001885221,2112.770426289,0.097028999,166464,ok
4097,4150,true,1,5,1,2049,204,randomized_range,svd_pseudoinverse,154.247975000,10.649439000,0.170985000,48.201983000,1.106308000,60.128715000,0.005311438,0.001885221,2.817409222,1.000000000,166464,ok
4097,4150,true,1,6,2,1025,85,matrix_norms,intersection_inverse,154.247975000,1.730925000,0.106327000,0.394402000,0.697602000,2.929256000,0.157420665,0.001761633,89.360666373,0.962392107,28900,ok
4097,4150,true,1,6,2,1025,85,matrix_norms,svd_pseudoinverse,154.247975000,1.730925000,0.106327000,15.692359000,0.735940000,18.265551000,0.004973813,0.001761633,2.823411285,1.000000000,28900,ok
4097,4150,true,1,6,2,1025,85,randomized_range,intersection_inverse,154.247975000,5.755702000,0.147819000,0.383956000,0.695731000,6.983208000,0.157420665,0.001761633,89.360666373,0.962392107,28900,ok
4097,4150,true,1,6,2,1025,85,randomized_range,svd_pseudoinverse,154.247975000,5.755702000,0.147819000,14.562188000,0.755917000,21.221626000,0.004973813,0.001761633,2.823411285,1.000000000,28900,ok
4097,4150,true,1,7,2,1025,51,matrix_norms,intersection_inverse,154.247975000,1.722358000,0.108518000,0.129858000,0.670379000,2.631113000,0.052306779,0.003812205,13.720871490,1.000000000,10404,ok
4097,4150,true,1,7,2,1025,51,matrix_norms,svd_pseudoinverse,154.247975000,1.722358000,0.108518000,7.951975000,0.721230000,10.504081000,0.010975410,0.003812205,2.879018685,1.000000000,10404,ok
4097,4150,true,1,7,2,1025,51,randomized_range,intersection_inverse,154.247975000,4.589951000,0.111002000,0.130136000,0.670616000,5.501705000,0.052306779,0.003812205,13.720871490,1.000000000,10404,ok
4097,4150,true,1,7,2,1025,51,randomized_range,svd_pseudoinverse,154.247975000,4.589951000,0.111002000,7.888295000,0.713842000,13.303090000,0.010975410,0.003812205,2.879018685,1.000000000,10404,ok
4097,4150,true,1,8,2,1025,170,matrix_norms,intersection_inverse,154.247975000,1.688090000,0.154576000,2.357583000,0.818271000,5.018520000,0.029372590,0.000618954,47.455200568,1.000000000,115600,ok
4097,4150,true,1,8,2,1025,170,matrix_norms,svd_pseudoinverse,154.247975000,1.688090000,0.154576000,34.006883000,0.874927000,36.724476000,0.001986302,0.000618954,3.209126961,1.000000000,115600,ok
4097,4150,true,1,8,2,1025,170,randomized_range,intersection_inverse,154.247975000,9.027898000,0.161004000,2.351988000,0.822678000,12.363568000,0.029372590,0.000618954,47.455200568,1.000000000,115600,ok
4097,4150,true,1,8,2,1025,170,randomized_range,svd_pseudoinverse,154.247975000,9.027898000,0.161004000,31.263252000,0.846163000,41.298317000,0.001986302,0.000618954,3.209126961,1.000000000,115600,ok
4097,4150,true,1,9,2,1025,102,matrix_norms,intersection_inverse,154.247975000,1.716351000,0.131857000,0.607588000,0.707335000,3.163131000,0.033787239,0.001337960,25.252799837,1.000000000,41616,ok
4097,4150,true,1,9,2,1025,102,matrix_norms,svd_pseudoinverse,154.247975000,1.716351000,0.131857000,17.915590000,0.797849000,20.561647000,0.003766418,0.001337960,2.815044649,1.000000000,41616,ok
4097,4150,true,1,9,2,1025,102,randomized_range,intersection_inverse,154.247975000,6.266995000,0.158436000,0.617774000,0.711586000,7.754791000,0.033787239,0.001337960,25.252799837,1.000000000,41616,ok
4097,4150,true,1,9,2,1025,102,randomized_range,svd_pseudoinverse,154.247975000,6.266995000,0.158436000,17.780382000,0.767766000,24.973579000,0.003766418,0.001337960,2.815044649,1.000000000,41616,ok
4097,4150,true,1,10,2,1025,341,matrix_norms,intersection_inverse,154.247975000,1.717712000,0.148198000,19.272289000,1.032029000,22.170228000,0.413206190,0.000213855,1932.177615484,0.177002361,465124,ok
4097,4150,true,1,10,2,1025,341,matrix_norms,svd_pseudoinverse,154.247975000,1.717712000,0.148198000,94.786125000,1.443199000,98.095234000,0.002989330,0.000213855,13.978290715,1.000000000,465124,ok
4097,4150,true,1,10,2,1025,341,randomized_range,intersection_inverse,154.247975000,16.039318000,0.294217000,19.924636000,1.239114000,37.497285000,0.413206190,0.000213855,1932.177615484,0.177002361,465124,ok
4097,4150,true,1,10,2,1025,341,randomized_range,svd_pseudoinverse,154.247975000,16.039318000,0.294217000,97.595577000,1.438787000,115.367899000,0.002989330,0.000213855,13.978290715,1.000000000,465124,ok
4097,4150,true,1,11,2,1025,204,matrix_norms,intersection_inverse,154.247975000,1.954415000,0.170168000,4.117624000,0.897493000,7.139700000,0.127723008,0.000469733,271.905361578,0.753938793,166464,ok
4097,4150,true,1,11,2,1025,204,matrix_norms,svd_pseudoinverse,154.247975000,1.954415000,0.170168000,49.165368000,1.227004000,52.516955000,0.001712594,0.000469733,3.645884854,1.000000000,166464,ok
4097,4150,true,1,11,2,1025,204,randomized_range,intersection_inverse,154.247975000,11.249175000,0.490916000,4.848078000,0.963148000,17.551317000,0.127723008,0.000469733,271.905361578,0.753938793,166464,ok
4097,4150,true,1,11,2,1025,204,randomized_range,svd_pseudoinverse,154.247975000,11.249175000,0.490916000,49.022543000,1.188703000,61.951337000,0.001712594,0.000469733,3.645884854,1.000000000,166464,ok
4097,4150,true,1,12,3,513,85,matrix_norms,intersection_inverse,154.247975000,1.775789000,0.102051000,0.384315000,0.737026000,2.999181000,0.022850569,0.000439609,51.979296719,1.000000000,28900,ok
4097,4150,true,1,12,3,513,85,matrix_norms,svd_pseudoinverse,154.247975000,1.775789000,0.102051000,15.876381000,0.767632000,18.521853000,0.002240526,0.000439609,5.096634115,1.000000000,28900,ok
4097,4150,true,1,12,3,513,85,randomized_range,intersection_inverse,154.247975000,5.759076000,0.154071000,0.397347000,0.702738000,7.013232000,0.022850569,0.000439609,51.979296719,1.000000000,28900,ok
4097,4150,true,1,12,3,513,85,randomized_range,svd_pseudoinverse,154.247975000,5.759076000,0.154071000,14.680533000,0.777223000,21.370903000,0.002240526,0.000439609,5.096634115,1.000000000,28900,ok
4097,4150,true,1,13,3,513,51,matrix_norms,intersection_inverse,154.247975000,1.743934000,0.105695000,0.130514000,0.683047000,2.663190000,0.011155205,0.000953051,11.704736307,1.000000000,10404,ok
4097,4150,true,1,13,3,513,51,matrix_norms,svd_pseudoinverse,154.247975000,1.743934000,0.105695000,7.964523000,0.735220000,10.549372000,0.002715113,0.000953051,2.848865680,1.000000000,10404,ok
4097,4150,true,1,13,3,513,51,randomized_range,intersection_inverse,154.247975000,4.546559000,0.112709000,0.173361000,0.659979000,5.492608000,0.011155205,0.000953051,11.704736307,1.000000000,10404,ok
4097,4150,true,1,13,3,513,51,randomized_range,svd_pseudoinverse,154.247975000,4.546559000,0.112709000,7.857830000,0.690001000,13.207099000,0.002715113,0.000953051,2.848865680,1.000000000,10404,ok
4097,4150,true,1,14,3,513,170,matrix_norms,intersection_inverse,154.247975000,1.667537000,0.160183000,2.338570000,0.838410000,5.004700000,0.039540164,0.000152265,259.680749666,0.658500872,115600,ok
4097,4150,true,1,14,3,513,170,matrix_norms,svd_pseudoinverse,154.247975000,1.667537000,0.160183000,34.103570000,0.869156000,36.800446000,0.002717337,0.000152265,17.846157963,1.000000000,115600,ok
4097,4150,true,1,14,3,513,170,randomized_range,intersection_inverse,154.247975000,8.948432000,0.157279000,2.275669000,0.858099000,12.239479000,0.039540164,0.000152265,259.680749666,0.658500872,115600,ok
4097,4150,true,1,14,3,513,170,randomized_range,svd_pseudoinverse,154.247975000,8.948432000,0.157279000,32.256999000,0.868875000,42.231585000,0.002717337,0.000152265,17.846157963,1.000000000,115600,ok
4097,4150,true,1,15,3,513,102,matrix_norms,intersection_inverse,154.247975000,1.722683000,0.114181000,0.610226000,0.718035000,3.165125000,0.062486369,0.000333385,187.430127428,0.549538121,41616,ok
4097,4150,true,1,15,3,513,102,matrix_norms,svd_pseudoinverse,154.247975000,1.722683000,0.114181000,18.006926000,0.768413000,20.612203000,0.001940825,0.000333385,5.821576345,1.000000000,41616,ok
4097,4150,true,1,15,3,513,102,randomized_range,intersection_inverse,154.247975000,6.208765000,0.156202000,0.601180000,0.735165000,7.701312000,0.062486369,0.000333385,187.430127428,0.549538121,41616,ok
4097,4150,true,1,15,3,513,102,randomized_range,svd_pseudoinverse,154.247975000,6.208765000,0.156202000,17.897966000,0.793127000,25.056060000,0.001940825,0.000333385,5.821576345,1.000000000,41616,ok
4097,4150,true,1,16,4,257,85,matrix_norms,intersection_inverse,154.247975000,1.732644000,0.119685000,0.409283000,0.701421000,2.963033000,0.099679850,0.000108166,921.542450104,0.093321800,28900,ok
4097,4150,true,1,16,4,257,85,matrix_norms,svd_pseudoinverse,154.247975000,1.732644000,0.119685000,14.772291000,0.768400000,17.393020000,0.006229529,0.000108166,57.592136828,1.000000000,28900,ok
4097,4150,true,1,16,4,257,85,randomized_range,intersection_inverse,154.247975000,5.702078000,0.154403000,0.408038000,0.700494000,6.965013000,0.099679850,0.000108166,921.542450104,0.093321800,28900,ok
4097,4150,true,1,16,4,257,85,randomized_range,svd_pseudoinverse,154.247975000,5.702078000,0.154403000,14.601943000,0.766687000,21.225111000,0.006229529,0.000108166,57.592136828,1.000000000,28900,ok
4097,4150,true,1,17,4,257,51,matrix_norms,intersection_inverse,154.247975000,1.728304000,0.123975000,0.138903000,0.683120000,2.674302000,0.049474295,0.000237490,208.321612982,0.249614043,10404,ok
4097,4150,true,1,17,4,257,51,matrix_norms,svd_pseudoinverse,154.247975000,1.728304000,0.123975000,7.871099000,0.709882000,10.433260000,0.001525828,0.000237490,6.424810696,1.000000000,10404,ok
4097,4150,true,1,17,4,257,51,randomized_range,intersection_inverse,154.247975000,4.531174000,0.110966000,0.126986000,0.699352000,5.468478000,0.049474295,0.000237490,208.321612982,0.249614043,10404,ok
4097,4150,true,1,17,4,257,51,randomized_range,svd_pseudoinverse,154.247975000,4.531174000,0.110966000,7.897393000,0.728211000,13.267744000,0.001525828,0.000237490,6.424810696,1.000000000,10404,ok
4097,4150,true,2,0,0,4097,341,matrix_norms,intersection_inverse,155.040713000,1.813031000,0.166677000,19.416149000,1.177547000,22.573404000,0.460041821,0.003484636,132.020047576,1.000000000,465124,ok
4097,4150,true,2,0,0,4097,341,matrix_norms,svd_pseudoinverse,155.040713000,1.813031000,0.166677000,95.501645000,1.446929000,98.928282000,0.009806401,0.003484636,2.814182277,1.000000000,465124,ok
4097,4150,true,2,0,0,4097,341,randomized_range,intersection_inverse,155.040713000,16.069518000,0.287928000,20.529935000,1.153264000,38.040645000,0.460042357,0.003484636,132.020201521,1.000000000,465124,ok
4097,4150,true,2,0,0,4097,341,randomized_range,svd_pseudoinverse,155.040713000,16.069518000,0.287928000,97.185790000,1.420489000,114.963725000,0.009806368,0.003484636,2.814172923,1.000000000,465124,ok
4097,4150,true,2,1,0,4097,204,matrix_norms,intersection_inverse,155.040713000,1.904841000,0.173164000,4.110951000,0.891193000,7.080149000,0.294651389,0.007541013,39.073181928,1.000000000,166464,ok
4097,4150,true,2,1,0,4097,204,matrix_norms,svd_pseudoinverse,155.040713000,1.904841000,0.173164000,49.442799000,1.204910000,52.725714000,0.021023411,0.007541013,2.787876131,1.000000000,166464,ok
4097,4150,true,2,1,0,4097,204,randomized_range,intersection_inverse,155.040713000,10.662707000,0.168926000,4.067387000,0.913215000,15.812235000,0.294651389,0.007541013,39.073181928,1.000000000,166464,ok
4097,4150,true,2,1,0,4097,204,randomized_range,svd_pseudoinverse,155.040713000,10.662707000,0.168926000,48.408599000,1.172749000,60.412981000,0.021023408,0.007541013,2.787875637,1.000000000,166464,ok
4097,4150,true,2,2,1,2049,170,matrix_norms,intersection_inverse,155.040713000,1.762444000,0.157169000,2.520217000,0.856587000,5.296417000,0.094881557,0.002480370,38.252985326,1.000000000,115600,ok
4097,4150,true,2,2,1,2049,170,matrix_norms,svd_pseudoinverse,155.040713000,1.762444000,0.157169000,35.053660000,0.966503000,37.939776000,0.007017539,0.002480370,2.829230869,1.000000000,115600,ok
4097,4150,true,2,2,1,2049,170,randomized_range,intersection_inverse,155.040713000,9.009486000,0.178875000,2.495551000,0.875789000,12.559701000,0.094881557,0.002480370,38.252985326,1.000000000,115600,ok
4097,4150,true,2,2,1,2049,170,randomized_range,svd_pseudoinverse,155.040713000,9.009486000,0.178875000,33.266443000,0.961559000,43.416363000,0.007017539,0.002480370,2.829230869,1.000000000,115600,ok
4097,4150,true,2,3,1,2049,102,matrix_norms,intersection_inverse,155.040713000,1.755379000,0.154056000,0.648820000,0.764920000,3.323175000,0.381551176,0.005351901,71.292650150,1.000000000,41616,ok
4097,4150,true,2,3,1,2049,102,matrix_norms,svd_pseudoinverse,155.040713000,1.755379000,0.154056000,18.058382000,0.831028000,20.798845000,0.014750808,0.005351901,2.756181329,1.000000000,41616,ok
4097,4150,true,2,3,1,2049,102,randomized_range,intersection_inverse,155.040713000,6.141459000,0.136435000,0.605410000,0.733004000,7.616308000,0.381551176,0.005351901,71.292650150,1.000000000,41616,ok
4097,4150,true,2,3,1,2049,102,randomized_range,svd_pseudoinverse,155.040713000,6.141459000,0.136435000,17.924008000,0.798814000,25.000716000,0.014750808,0.005351901,2.756181329,1.000000000,41616,ok
4097,4150,true,2,4,1,2049,341,matrix_norms,intersection_inverse,155.040713000,1.735982000,0.162574000,19.555822000,1.061002000,22.515380000,0.099666625,0.000869534,114.620744455,1.000000000,465124,ok
4097,4150,true,2,4,1,2049,341,matrix_norms,svd_pseudoinverse,155.040713000,1.735982000,0.162574000,95.300427000,1.462522000,98.661505000,0.002599547,0.000869534,2.989587093,1.000000000,465124,ok
4097,4150,true,2,4,1,2049,341,randomized_range,intersection_inverse,155.040713000,15.980122000,0.187548000,20.648521000,1.196871000,38.013062000,0.099666625,0.000869534,114.620744455,1.000000000,465124,ok
4097,4150,true,2,4,1,2049,341,randomized_range,svd_pseudoinverse,155.040713000,15.980122000,0.187548000,97.299931000,1.440756000,114.908357000,0.002599547,0.000869534,2.989587093,1.000000000,465124,ok
4097,4150,true,2,5,1,2049,204,matrix_norms,intersection_inverse,155.040713000,1.960920000,0.185170000,4.114987000,0.911271000,7.172348000,0.066487305,0.001885221,35.267649476,1.000000000,166464,ok
4097,4150,true,2,5,1,2049,204,matrix_norms,svd_pseudoinverse,155.040713000,1.960920000,0.185170000,49.228093000,1.136877000,52.511060000,0.005358818,0.001885221,2.842541613,1.000000000,166464,ok
4097,4150,true,2,5,1,2049,204,randomized_range,intersection_inverse,155.040713000,10.653692000,0.155624000,4.023132000,0.894770000,15.727218000,0.066487305,0.001885221,35.267649476,1.000000000,166464,ok
4097,4150,true,2,5,1,2049,204,randomized_range,svd_pseudoinverse,155.040713000,10.653692000,0.155624000,48.803539000,1.162999000,60.775854000,0.005358818,0.001885221,2.842541613,1.000000000,166464,ok
4097,4150,true,2,6,2,1025,85,matrix_norms,intersection_inverse,155.040713000,1.746740000,0.120661000,0.402082000,0.752990000,3.022473000,0.240226224,0.001761633,136.365676382,0.630657232,28900,ok
4097,4150,true,2,6,2,1025,85,matrix_norms,svd_pseudoinverse,155.040713000,1.746740000,0.120661000,16.321208000,0.786244000,18.974853000,0.005007550,0.001761633,2.842562097,1.000000000,28900,ok
4097,4150,true,2,6,2,1025,85,randomized_range,intersection_inverse,155.040713000,5.755486000,0.122894000,0.400236000,0.705764000,6.984380000,0.240226224,0.001761633,136.365676382,0.630657232,28900,ok
4097,4150,true,2,6,2,1025,85,randomized_range,svd_pseudoinverse,155.040713000,5.755486000,0.122894000,14.667487000,0.773049000,21.318916000,0.005007550,0.001761633,2.842562097,1.000000000,28900,ok
4097,4150,true,2,7,2,1025,51,matrix_norms,intersection_inverse,155.040713000,1.738078000,0.108867000,0.132178000,0.672228000,2.651351000,0.050534900,0.003812205,13.256080556,1.000000000,10404,ok
4097,4150,true,2,7,2,1025,51,matrix_norms,svd_pseudoinverse,155.040713000,1.738078000,0.108867000,7.788635000,0.729302000,10.364882000,0.010478728,0.003812205,2.748731181,1.000000000,10404,ok
4097,4150,true,2,7,2,1025,51,randomized_range,intersection_inverse,155.040713000,4.650533000,0.114840000,0.133900000,0.690793000,5.590066000,0.050534900,0.003812205,13.256080556,1.000000000,10404,ok
4097,4150,true,2,7,2,1025,51,randomized_range,svd_pseudoinverse,155.040713000,4.650533000,0.114840000,7.790926000,0.725585000,13.281884000,0.010478728,0.003812205,2.748731181,1.000000000,10404,ok
4097,4150,true,2,8,2,1025,170,matrix_norms,intersection_inverse,155.040713000,1.711567000,0.153325000,2.386938000,0.831776000,5.083606000,0.021994775,0.000618954,35.535391285,1.000000000,115600,ok
4097,4150,true,2,8,2,1025,170,matrix_norms,svd_pseudoinverse,155.040713000,1.711567000,0.153325000,34.903283000,1.083697000,37.851872000,0.002805720,0.000618954,4.533002055,1.000000000,115600,ok
4097,4150,true,2,8,2,1025,170,randomized_range,intersection_inverse,155.040713000,8.964805000,0.166747000,2.296335000,0.833218000,12.261105000,0.021994775,0.000618954,35.535391285,1.000000000,115600,ok
4097,4150,true,2,8,2,1025,170,randomized_range,svd_pseudoinverse,155.040713000,8.964805000,0.166747000,36.325462000,1.161093000,46.618107000,0.002805720,0.000618954,4.533002055,1.000000000,115600,ok
4097,4150,true,2,9,2,1025,102,matrix_norms,intersection_inverse,155.040713000,1.723710000,0.142360000,0.605361000,0.711576000,3.183007000,0.036471296,0.001337960,27.258881109,1.000000000,41616,ok
4097,4150,true,2,9,2,1025,102,matrix_norms,svd_pseudoinverse,155.040713000,1.723710000,0.142360000,19.728189000,0.791953000,22.386212000,0.003878950,0.001337960,2.899152266,1.000000000,41616,ok
4097,4150,true,2,9,2,1025,102,randomized_range,intersection_inverse,155.040713000,6.230648000,0.139241000,0.598466000,0.727702000,7.696057000,0.036471296,0.001337960,27.258881109,1.000000000,41616,ok
4097,4150,true,2,9,2,1025,102,randomized_range,svd_pseudoinverse,155.040713000,6.230648000,0.139241000,17.881574000,0.778149000,25.029612000,0.003878950,0.001337960,2.899152266,1.000000000,41616,ok
4097,4150,true,2,10,2,1025,341,matrix_norms,intersection_inverse,155.040713000,1.726394000,0.174939000,19.206016000,1.045232000,22.152581000,0.030186245,0.000213855,141.152743437,1.000000000,465124,ok
4097,4150,true,2,10,2,1025,341,matrix_norms,svd_pseudoinverse,155.040713000,1.726394000,0.174939000,94.446554000,1.422948000,97.770835000,0.002903089,0.000213855,13.575021693,1.000000000,465124,ok
4097,4150,true,2,10,2,1025,341,randomized_range,intersection_inverse,155.040713000,16.065281000,0.188039000,19.824968000,1.110662000,37.188950000,0.030195225,0.000213855,141.194733593,1.000000000,465124,ok
4097,4150,true,2,10,2,1025,341,randomized_range,svd_pseudoinverse,155.040713000,16.065281000,0.188039000,96.143655000,1.395617000,113.792592000,0.002960375,0.000213855,13.842894020,1.000000000,465124,ok
4097,4150,true,2,11,2,1025,204,matrix_norms,intersection_inverse,155.040713000,1.861515000,0.192656000,3.987706000,0.903015000,6.944892000,0.170995593,0.000469733,364.026960738,0.563145102,166464,ok
4097,4150,true,2,11,2,1025,204,matrix_norms,svd_pseudoinverse,155.040713000,1.861515000,0.192656000,48.162032000,1.081513000,51.297716000,0.001625750,0.000469733,3.461007289,1.000000000,166464,ok
4097,4150,true,2,11,2,1025,204,randomized_range,intersection_inverse,155.040713000,10.608293000,0.180471000,4.036545000,0.903654000,15.728963000,0.170995593,0.000469733,364.026960738,0.563145102,166464,ok
4097,4150,true,2,11,2,1025,204,randomized_range,svd_pseudoinverse,155.040713000,10.608293000,0.180471000,48.058223000,1.086889000,59.933876000,0.001625750,0.000469733,3.461007289,1.000000000,166464,ok
4097,4150,true,2,12,3,513,85,matrix_norms,intersection_inverse,155.040713000,1.753107000,0.109985000,0.387318000,0.700560000,2.950970000,0.006659081,0.000439609,15.147734516,1.000000000,28900,ok
4097,4150,true,2,12,3,513,85,matrix_norms,svd_pseudoinverse,155.040713000,1.753107000,0.109985000,16.167157000,0.756638000,18.786887000,0.001815642,0.000439609,4.130127988,1.000000000,28900,ok
4097,4150,true,2,12,3,513,85,randomized_range,intersection_inverse,155.040713000,5.725441000,0.159958000,0.381166000,0.700814000,6.967379000,0.006659081,0.000439609,15.147734516,1.000000000,28900,ok
4097,4150,true,2,12,3,513,85,randomized_range,svd_pseudoinverse,155.040713000,5.725441000,0.159958000,14.571084000,0.765232000,21.221715000,0.001815642,0.000439609,4.130127988,1.000000000,28900,ok
4097,4150,true,2,13,3,513,51,matrix_norms,intersection_inverse,155.040713000,1.731270000,0.107283000,0.131072000,0.657259000,2.626884000,0.026323684,0.000953051,27.620449729,1.000000000,10404,ok
4097,4150,true,2,13,3,513,51,matrix_norms,svd_pseudoinverse,155.040713000,1.731270000,0.107283000,7.802420000,0.729378000,10.370351000,0.002768835,0.000953051,2.905234582,1.000000000,10404,ok
4097,4150,true,2,13,3,513,51,randomized_range,intersection_inverse,155.040713000,4.620882000,0.125520000,0.133919000,0.694137000,5.574458000,0.026323684,0.000953051,27.620449729,1.000000000,10404,ok
4097,4150,true,2,13,3,513,51,randomized_range,svd_pseudoinverse,155.040713000,4.620882000,0.125520000,7.824749000,0.730491000,13.301642000,0.002768835,0.000953051,2.905234582,1.000000000,10404,ok
4097,4150,true,2,14,3,513,170,matrix_norms,intersection_inverse,155.040713000,1.710165000,0.145964000,2.475907000,0.818070000,5.150106000,0.169022232,0.000152265,1110.056594624,0.154046200,115600,ok
4097,4150,true,2,14,3,513,170,matrix_norms,svd_pseudoinverse,155.040713000,1.710165000,0.145964000,34.685285000,1.054345000,37.595759000,0.002541273,0.000152265,16.689857675,1.000000000,115600,ok
4097,4150,true,2,14,3,513,170,randomized_range,intersection_inverse,155.040713000,8.997993000,0.160741000,2.364227000,0.811742000,12.334703000,0.169022232,0.000152265,1110.056594624,0.154046200,115600,ok
4097,4150,true,2,14,3,513,170,randomized_range,svd_pseudoinverse,155.040713000,8.997993000,0.160741000,36.644542000,1.150487000,46.953763000,0.002541273,0.000152265,16.689857675,1.000000000,115600,ok
4097,4150,true,2,15,3,513,102,matrix_norms,intersection_inverse,155.040713000,1.746706000,0.154061000,0.610098000,0.716469000,3.227334000,0.012576144,0.000333385,37.722599975,1.000000000,41616,ok
4097,4150,true,2,15,3,513,102,matrix_norms,svd_pseudoinverse,155.040713000,1.746706000,0.154061000,19.821821000,0.814551000,22.537139000,0.001925896,0.000333385,5.776793522,1.000000000,41616,ok
4097,4150,true,2,15,3,513,102,randomized_range,intersection_inverse,155.040713000,6.261921000,0.150039000,0.638092000,0.731341000,7.781393000,0.012576144,0.000333385,37.722599975,1.000000000,41616,ok
4097,4150,true,2,15,3,513,102,randomized_range,svd_pseudoinverse,155.040713000,6.261921000,0.150039000,17.852691000,0.790304000,25.054955000,0.001925896,0.000333385,5.776793522,1.000000000,41616,ok
4097,4150,true,2,16,4,257,85,matrix_norms,intersection_inverse,155.040713000,1.759122000,0.131629000,0.385982000,0.696683000,2.973416000,0.037267134,0.000108166,344.535486217,0.249611443,28900,ok
4097,4150,true,2,16,4,257,85,matrix_norms,svd_pseudoinverse,155.040713000,1.759122000,0.131629000,14.466231000,0.756705000,17.113687000,0.006091665,0.000108166,56.317584006,1.000000000,28900,ok
4097,4150,true,2,16,4,257,85,randomized_range,intersection_inverse,155.040713000,5.700433000,0.112324000,0.384827000,0.687719000,6.885303000,0.037267134,0.000108166,344.535486217,0.249611443,28900,ok
4097,4150,true,2,16,4,257,85,randomized_range,svd_pseudoinverse,155.040713000,5.700433000,0.112324000,14.412189000,0.733821000,20.958767000,0.006091665,0.000108166,56.317584006,1.000000000,28900,ok
4097,4150,true,2,17,4,257,51,matrix_norms,intersection_inverse,155.040713000,1.759983000,0.101805000,0.128327000,0.679938000,2.670053000,0.005239229,0.000237490,22.060843298,1.000000000,10404,ok
4097,4150,true,2,17,4,257,51,matrix_norms,svd_pseudoinverse,155.040713000,1.759983000,0.101805000,7.859868000,0.692508000,10.414164000,0.001400423,0.000237490,5.896764786,1.000000000,10404,ok
4097,4150,true,2,17,4,257,51,randomized_range,intersection_inverse,155.040713000,4.485524000,0.107835000,0.124467000,0.663215000,5.381041000,0.005239229,0.000237490,22.060843298,1.000000000,10404,ok
4097,4150,true,2,17,4,257,51,randomized_range,svd_pseudoinverse,155.040713000,4.485524000,0.107835000,7.856333000,0.706143000,13.155835000,0.001400423,0.000237490,5.896764786,1.000000000,10404,ok
4097,4150,true,3,0,0,4097,341,matrix_norms,intersection_inverse,155.051986000,1.815898000,0.166078000,19.738830000,1.201231000,22.922037000,3.883316755,0.003484636,1114.410993480,0.306888573,465124,ok
4097,4150,true,3,0,0,4097,341,matrix_norms,svd_pseudoinverse,155.051986000,1.815898000,0.166078000,94.959712000,1.413884000,98.355572000,0.009781496,0.003484636,2.807035066,1.000000000,465124,ok
4097,4150,true,3,0,0,4097,341,randomized_range,intersection_inverse,155.051986000,16.020068000,0.275198000,18.741694000,1.108693000,36.145653000,3.883316755,0.003484636,1114.410993480,0.306888573,465124,ok
4097,4150,true,3,0,0,4097,341,randomized_range,svd_pseudoinverse,155.051986000,16.020068000,0.275198000,96.867046000,1.395888000,114.558200000,0.009781496,0.003484636,2.807035066,1.000000000,465124,ok
4097,4150,true,3,1,0,4097,204,matrix_norms,intersection_inverse,155.051986000,1.914051000,0.183504000,4.180836000,0.923204000,7.201595000,2.786177397,0.007541013,369.469889935,0.554849003,166464,ok
4097,4150,true,3,1,0,4097,204,matrix_norms,svd_pseudoinverse,155.051986000,1.914051000,0.183504000,48.407311000,1.109147000,51.614013000,0.021182695,0.007541013,2.808998504,1.000000000,166464,ok
4097,4150,true,3,1,0,4097,204,randomized_range,intersection_inverse,155.051986000,10.616600000,0.165260000,4.127376000,0.893409000,15.802645000,2.786177397,0.007541013,369.469889935,0.554849003,166464,ok
4097,4150,true,3,1,0,4097,204,randomized_range,svd_pseudoinverse,155.051986000,10.616600000,0.165260000,47.829425000,1.089148000,59.700433000,0.021182695,0.007541013,2.808998504,1.000000000,166464,ok
4097,4150,true,3,2,1,2049,170,matrix_norms,intersection_inverse,155.051986000,1.727995000,0.151402000,2.511580000,0.842462000,5.233439000,0.425045878,0.002480370,171.363900939,0.997876443,115600,ok
4097,4150,true,3,2,1,2049,170,matrix_norms,svd_pseudoinverse,155.051986000,1.727995000,0.151402000,36.505612000,1.122683000,39.507692000,0.007022117,0.002480370,2.831076339,1.000000000,115600,ok
4097,4150,true,3,2,1,2049,170,randomized_range,intersection_inverse,155.051986000,9.041364000,0.163266000,2.424159000,0.831184000,12.459973000,0.425045878,0.002480370,171.363900939,0.997876443,115600,ok
4097,4150,true,3,2,1,2049,170,randomized_range,svd_pseudoinverse,155.051986000,9.041364000,0.163266000,36.595843000,1.120742000,46.921215000,0.007022117,0.002480370,2.831076339,1.000000000,115600,ok
4097,4150,true,3,3,1,2049,102,matrix_norms,intersection_inverse,155.051986000,1.741587000,0.115924000,0.625410000,0.743043000,3.225964000,0.319128782,0.005351901,59.629056308,1.000000000,41616,ok
4097,4150,true,3,3,1,2049,102,matrix_norms,svd_pseudoinverse,155.051986000,1.741587000,0.115924000,19.934300000,0.791462000,22.583273000,0.014953903,0.005351901,2.794129426,1.000000000,41616,ok
4097,4150,true,3,3,1,2049,102,randomized_range,intersection_inverse,155.051986000,6.210141000,0.157999000,0.623741000,0.746881000,7.738762000,0.319128782,0.005351901,59.629056308,1.000000000,41616,ok
4097,4150,true,3,3,1,2049,102,randomized_range,svd_pseudoinverse,155.051986000,6.210141000,0.157999000,17.927068000,0.792851000,25.088059000,0.014953903,0.005351901,2.794129426,1.000000000,41616,ok
4097,4150,true,3,4,1,2049,341,matrix_norms,intersection_inverse,155.051986000,1.745120000,0.151804000,20.282176000,1.084268000,23.263368000,0.224742204,0.000869534,258.462837080,1.000000000,465124,ok
4097,4150,true,3,4,1,2049,341,matrix_norms,svd_pseudoinverse,155.051986000,1.745120000,0.151804000,93.594894000,1.399757000,96.891575000,0.002635628,0.000869534,3.031080741,1.000000000,465124,ok
4097,4150,true,3,4,1,2049,341,randomized_range,intersection_inverse,155.051986000,15.944046000,0.184308000,19.948581000,1.085928000,37.162863000,0.224742204,0.000869534,258.462837080,1.000000000,465124,ok
4097,4150,true,3,4,1,2049,341,randomized_range,svd_pseudoinverse,155.051986000,15.944046000,0.184308000,96.534492000,1.423453000,114.086299000,0.002635628,0.000869534,3.031080741,1.000000000,465124,ok
4097,4150,true,3,5,1,2049,204,matrix_norms,intersection_inverse,155.051986000,1.894952000,0.173350000,4.161753000,0.903319000,7.133374000,0.518853188,0.001885221,275.221448441,0.744854738,166464,ok
4097,4150,true,3,5,1,2049,204,matrix_norms,svd_pseudoinverse,155.051986000,1.894952000,0.173350000,48.254271000,1.092046000,51.414619000,0.005304449,0.001885221,2.813701658,1.000000000,166464,ok
4097,4150,true,3,5,1,2049,204,randomized_range,intersection_inverse,155.051986000,10.577562000,0.164050000,4.052632000,0.883148000,15.677392000,0.518853188,0.001885221,275.221448441,0.744854738,166464,ok
4097,4150,true,3,5,1,2049,204,randomized_range,svd_pseudoinverse,155.051986000,10.577562000,0.164050000,48.473383000,1.116547000,60.331542000,0.005304449,0.001885221,2.813701658,1.000000000,166464,ok
4097,4150,true,3,6,2,1025,85,matrix_norms,intersection_inverse,155.051986000,1.740603000,0.119348000,0.402653000,0.716676000,2.979280000,0.033561543,0.001761633,19.051385747,1.000000000,28900,ok
4097,4150,true,3,6,2,1025,85,matrix_norms,svd_pseudoinverse,155.051986000,1.740603000,0.119348000,16.288257000,0.763536000,18.911744000,0.005061117,0.001761633,2.872969618,1.000000000,28900,ok
4097,4150,true,3,6,2,1025,85,randomized_range,intersection_inverse,155.051986000,5.821012000,0.149830000,0.389871000,0.698940000,7.059653000,0.033561543,0.001761633,19.051385747,1.000000000,28900,ok
4097,4150,true,3,6,2,1025,85,randomized_range,svd_pseudoinverse,155.051986000,5.821012000,0.149830000,14.732820000,0.746810000,21.450472000,0.005061117,0.001761633,2.872969618,1.000000000,28900,ok
4097,4150,true,3,7,2,1025,51,matrix_norms,intersection_inverse,155.051986000,1.707552000,0.095542000,0.130183000,0.671422000,2.604699000,0.152303576,0.003812205,39.951567482,1.000000000,10404,ok
4097,4150,true,3,7,2,1025,51,matrix_norms,svd_pseudoinverse,155.051986000,1.707552000,0.095542000,7.935722000,0.725783000,10.464599000,0.010776781,0.003812205,2.826915312,1.000000000,10404,ok
4097,4150,true,3,7,2,1025,51,randomized_range,intersection_inverse,155.051986000,4.598212000,0.111574000,0.144921000,0.670267000,5.524974000,0.152303576,0.003812205,39.951567482,1.000000000,10404,ok
4097,4150,true,3,7,2,1025,51,randomized_range,svd_pseudoinverse,155.051986000,4.598212000,0.111574000,7.858925000,0.703140000,13.271851000,0.010776781,0.003812205,2.826915312,1.000000000,10404,ok
4097,4150,true,3,8,2,1025,170,matrix_norms,intersection_inverse,155.051986000,1.727952000,0.148224000,2.390423000,0.829129000,5.095728000,0.040074255,0.000618954,64.745119363,1.000000000,115600,ok
4097,4150,true,3,8,2,1025,170,matrix_norms,svd_pseudoinverse,155.051986000,1.727952000,0.148224000,35.130837000,1.052237000,38.059250000,0.001924628,0.000618954,3.109483851,1.000000000,115600,ok
4097,4150,true,3,8,2,1025,170,randomized_range,intersection_inverse,155.051986000,8.992481000,0.158886000,2.420449000,0.865698000,12.437514000,0.040074255,0.000618954,64.745119363,1.000000000,115600,ok
4097,4150,true,3,8,2,1025,170,randomized_range,svd_pseudoinverse,155.051986000,8.992481000,0.158886000,36.698814000,1.115982000,46.966163000,0.001924628,0.000618954,3.109483851,1.000000000,115600,ok
4097,4150,true,3,9,2,1025,102,matrix_norms,intersection_inverse,155.051986000,1.766152000,0.140703000,0.614942000,0.707494000,3.229291000,0.490117729,0.001337960,366.317140448,0.281177124,41616,ok
4097,4150,true,3,9,2,1025,102,matrix_norms,svd_pseudoinverse,155.051986000,1.766152000,0.140703000,19.934282000,0.792456000,22.633593000,0.003828028,0.001337960,2.861093066,1.000000000,41616,ok
4097,4150,true,3,9,2,1025,102,randomized_range,intersection_inverse,155.051986000,6.214856000,0.144553000,0.609691000,0.731345000,7.700445000,0.490117729,0.001337960,366.317140448,0.281177124,41616,ok
4097,4150,true,3,9,2,1025,102,randomized_range,svd_pseudoinverse,155.051986000,6.214856000,0.144553000,17.931772000,0.756396000,25.047577000,0.003828028,0.001337960,2.861093066,1.000000000,41616,ok
4097,4150,true,3,10,2,1025,341,matrix_norms,intersection_inverse,155.051986000,1.694315000,0.160136000,20.065419000,1.099813000,23.019683000,0.536222756,0.000213855,2507.410661502,0.136395687,465124,ok
4097,4150,true,3,10,2,1025,341,matrix_norms,svd_pseudoinverse,155.051986000,1.694315000,0.160136000,94.709665000,1.384656000,97.948772000,0.002682672,0.000213855,12.544339092,1.000000000,465124,ok
4097,4150,true,3,10,2,1025,341,randomized_range,intersection_inverse,155.051986000,16.025729000,0.185665000,19.552453000,1.088987000,36.852834000,0.536222756,0.000213855,2507.410661502,0.136395687,465124,ok
4097,4150,true,3,10,2,1025,341,randomized_range,svd_pseudoinverse,155.051986000,16.025729000,0.185665000,96.873312000,1.347768000,114.432474000,0.002682672,0.000213855,12.544339092,1.000000000,465124,ok
4097,4150,true,3,11,2,1025,204,matrix_norms,intersection_inverse,155.051986000,1.876137000,0.176204000,4.126706000,0.899204000,7.078251000,0.145139590,0.000469733,308.982955919,0.663467017,166464,ok
4097,4150,true,3,11,2,1025,204,matrix_norms,svd_pseudoinverse,155.051986000,1.876137000,0.176204000,48.746702000,1.162065000,51.961108000,0.001668201,0.000469733,3.551378527,1.000000000,166464,ok
4097,4150,true,3,11,2,1025,204,randomized_range,intersection_inverse,155.051986000,10.590638000,0.161577000,3.830995000,0.895065000,15.478275000,0.145139590,0.000469733,308.982955919,0.663467017,166464,ok
4097,4150,true,3,11,2,1025,204,randomized_range,svd_pseudoinverse,155.051986000,10.590638000,0.161577000,48.320691000,1.120669000,60.193575000,0.001668201,0.000469733,3.551378527,1.000000000,166464,ok
4097,4150,true,3,12,3,513,85,matrix_norms,intersection_inverse,155.051986000,1.745250000,0.106742000,0.406430000,0.700364000,2.958786000,0.046578802,0.000439609,105.955057090,0.811664892,28900,ok
4097,4150,true,3,12,3,513,85,matrix_norms,svd_pseudoinverse,155.051986000,1.745250000,0.106742000,16.274398000,0.763740000,18.890130000,0.001603304,0.000439609,3.647114186,1.000000000,28900,ok
4097,4150,true,3,12,3,513,85,randomized_range,intersection_inverse,155.051986000,5.703758000,0.156804000,0.401020000,0.703408000,6.964990000,0.046578802,0.000439609,105.955057090,0.811664892,28900,ok
4097,4150,true,3,12,3,513,85,randomized_range,svd_pseudoinverse,155.051986000,5.703758000,0.156804000,14.673223000,0.725492000,21.259277000,0.001603304,0.000439609,3.647114186,1.000000000,28900,ok
4097,4150,true,3,13,3,513,51,matrix_norms,intersection_inverse,155.051986000,1.712614000,0.094876000,0.129470000,0.638554000,2.575514000,0.012750084,0.000953051,13.378182494,1.000000000,10404,ok
4097,4150,true,3,13,3,513,51,matrix_norms,svd_pseudoinverse,155.051986000,1.712614000,0.094876000,7.897965000,0.732556000,10.438011000,0.002625784,0.000953051,2.755136157,1.000000000,10404,ok
4097,4150,true,3,13,3,513,51,randomized_range,intersection_inverse,155.051986000,4.591948000,0.119709000,0.146069000,0.703260000,5.560986000,0.012750084,0.000953051,13.378182494,1.000000000,10404,ok
4097,4150,true,3,13,3,513,51,randomized_range,svd_pseudoinverse,155.051986000,4.591948000,0.119709000,7.943271000,0.712840000,13.367768000,0.002625784,0.000953051,2.755136157,1.000000000,10404,ok
4097,4150,true,3,14,3,513,170,matrix_norms,intersection_inverse,155.051986000,1.718249000,0.150910000,2.532847000,0.845006000,5.247012000,0.024462221,0.000152265,160.656084013,1.000000000,115600,ok
4097,4150,true,3,14,3,513,170,matrix_norms,svd_pseudoinverse,155.051986000,1.718249000,0.150910000,35.000829000,1.072610000,37.942598000,0.002395157,0.000152265,15.730240383,1.000000000,115600,ok
4097,4150,true,3,14,3,513,170,randomized_range,intersection_inverse,155.051986000,8.964935000,0.175671000,2.476730000,0.844393000,12.461729000,0.024462221,0.000152265,160.656084013,1.000000000,115600,ok
4097,4150,true,3,14,3,513,170,randomized_range,svd_pseudoinverse,155.051986000,8.964935000,0.175671000,36.582077000,1.160444000,46.883127000,0.002395157,0.000152265,15.730240383,1.000000000,115600,ok
4097,4150,true,3,15,3,513,102,matrix_norms,intersection_inverse,155.051986000,1.723313000,0.138487000,0.607221000,0.727525000,3.196546000,0.025586087,0.000333385,76.746395400,1.000000000,41616,ok
4097,4150,true,3,15,3,513,102,matrix_norms,svd_pseudoinverse,155.051986000,1.723313000,0.138487000,19.907644000,0.792473000,22.561917000,0.001795937,0.000333385,5.386976903,1.000000000,41616,ok
4097,4150,true,3,15,3,513,102,randomized_range,intersection_inverse,155.051986000,6.227375000,0.151514000,0.624735000,0.733186000,7.736810000,0.025586087,0.000333385,76.746395400,1.000000000,41616,ok
4097,4150,true,3,15,3,513,102,randomized_range,svd_pseudoinverse,155.051986000,6.227375000,0.151514000,17.911481000,0.756774000,25.047144000,0.001795937,0.000333385,5.386976903,1.000000000,41616,ok
4097,4150,true,3,16,4,257,85,matrix_norms,intersection_inverse,155.051986000,1.725347000,0.131275000,0.396675000,0.681536000,2.934833000,0.222121581,0.000108166,2053.519004000,0.041879330,28900,ok
4097,4150,true,3,16,4,257,85,matrix_norms,svd_pseudoinverse,155.051986000,1.725347000,0.131275000,14.747578000,0.729633000,17.333833000,0.002730922,0.000108166,25.247431551,1.000000000,28900,ok
4097,4150,true,3,16,4,257,85,randomized_range,intersection_inverse,155.051986000,5.702828000,0.155412000,0.440782000,0.700949000,6.999971000,0.222121581,0.000108166,2053.519004000,0.041879330,28900,ok
4097,4150,true,3,16,4,257,85,randomized_range,svd_pseudoinverse,155.051986000,5.702828000,0.155412000,14.786535000,0.750473000,21.395248000,0.002730922,0.000108166,25.247431551,1.000000000,28900,ok
4097,4150,true,3,17,4,257,51,matrix_norms,intersection_inverse,155.051986000,1.748984000,0.103071000,0.136157000,0.676831000,2.665043000,0.010492896,0.000237490,44.182478056,1.000000000,10404,ok
4097,4150,true,3,17,4,257,51,matrix_norms,svd_pseudoinverse,155.051986000,1.748984000,0.103071000,7.909562000,0.720038000,10.481655000,0.001320888,0.000237490,5.561867153,1.000000000,10404,ok
4097,4150,true,3,17,4,257,51,randomized_range,intersection_inverse,155.051986000,4.627891000,0.129101000,0.135546000,0.676368000,5.568906000,0.010492896,0.000237490,44.182478056,1.000000000,10404,ok
4097,4150,true,3,17,4,257,51,randomized_range,svd_pseudoinverse,155.051986000,4.627891000,0.129101000,7.959609000,0.733500000,13.450101000,0.001320888,0.000237490,5.561867153,1.000000000,10404,ok
4097,4150,true,4,0,0,4097,341,matrix_norms,intersection_inverse,154.523630000,1.774018000,0.160852000,20.035862000,1.144485000,23.115217000,0.129795104,0.003484636,37.247821954,1.000000000,465124,ok
4097,4150,true,4,0,0,4097,341,matrix_norms,svd_pseudoinverse,154.523630000,1.774018000,0.160852000,94.631710000,1.413622000,97.980202000,0.009861292,0.003484636,2.829934631,1.000000000,465124,ok
4097,4150,true,4,0,0,4097,341,randomized_range,intersection_inverse,154.523630000,16.178938000,0.193042000,20.599384000,1.110815000,38.082179000,0.129795104,0.003484636,37.247821954,1.000000000,465124,ok
4097,4150,true,4,0,0,4097,341,randomized_range,svd_pseudoinverse,154.523630000,16.178938000,0.193042000,96.999959000,1.421267000,114.793206000,0.009861292,0.003484636,2.829934631,1.000000000,465124,ok
4097,4150,true,4,1,0,4097,204,matrix_norms,intersection_inverse,154.523630000,1.828072000,0.171794000,4.045722000,0.896995000,6.942583000,0.297284395,0.007541013,39.422339957,1.000000000,166464,ok
4097,4150,true,4,1,0,4097,204,matrix_norms,svd_pseudoinverse,154.523630000,1.828072000,0.171794000,47.969381000,1.086368000,51.055615000,0.021199407,0.007541013,2.811214606,1.000000000,166464,ok
4097,4150,true,4,1,0,4097,204,randomized_range,intersection_inverse,154.523630000,10.602785000,0.176501000,4.041414000,0.901499000,15.722199000,0.297284395,0.007541013,39.422339957,1.000000000,166464,ok
4097,4150,true,4,1,0,4097,204,randomized_range,svd_pseudoinverse,154.523630000,10.602785000,0.176501000,47.894592000,1.118101000,59.791979000,0.021199407,0.007541013,2.811214606,1.000000000,166464,ok
4097,4150,true,4,2,1,2049,170,matrix_norms,intersection_inverse,154.523630000,1.739706000,0.158976000,2.479641000,0.810132000,5.188455000,0.065296493,0.002480370,26.325303752,1.000000000,115600,ok
4097,4150,true,4,2,1,2049,170,matrix_norms,svd_pseudoinverse,154.523630000,1.739706000,0.158976000,36.425892000,1.137298000,39.461872000,0.006939714,0.002480370,2.797854298,1.000000000,115600,ok
4097,4150,true,4,2,1,2049,170,randomized_range,intersection_inverse,154.523630000,9.081062000,0.166161000,2.404840000,0.822897000,12.474960000,0.065296493,0.002480370,26.325303752,1.000000000,115600,ok
4097,4150,true,4,2,1,2049,170,randomized_range,svd_pseudoinverse,154.523630000,9.081062000,0.166161000,36.612868000,1.139959000,47.000050000,0.006934813,0.002480370,2.795878536,1.000000000,115600,ok
4097,4150,true,4,3,1,2049,102,matrix_norms,intersection_inverse,154.523630000,1.756069000,0.152164000,0.631310000,0.737367000,3.276910000,0.413341880,0.005351901,77.232727513,1.000000000,41616,ok
4097,4150,true,4,3,1,2049,102,matrix_norms,svd_pseudoinverse,154.523630000,1.756069000,0.152164000,19.995306000,0.815322000,22.718861000,0.015160426,0.005351901,2.832718255,1.000000000,41616,ok
4097,4150,true,4,3,1,2049,102,randomized_range,intersection_inverse,154.523630000,6.249818000,0.147431000,0.586079000,0.726345000,7.709673000,0.413341880,0.005351901,77.232727513,1.000000000,41616,ok
4097,4150,true,4,3,1,2049,102,randomized_range,svd_pseudoinverse,154.523630000,6.249818000,0.147431000,18.031605000,0.778799000,25.207653000,0.015160426,0.005351901,2.832718255,1.000000000,41616,ok
4097,4150,true,4,4,1,2049,341,matrix_norms,intersection_inverse,154.523630000,1.747887000,0.149425000,20.139834000,1.058356000,23.095502000,0.333451122,0.000869534,383.482592572,0.891826661,465124,ok
4097,4150,true,4,4,1,2049,341,matrix_norms,svd_pseudoinverse,154.523630000,1.747887000,0.149425000,94.288234000,1.442825000,97.628371000,0.002630509,0.000869534,3.025194198,1.000000000,465124,ok
4097,4150,true,4,4,1,2049,341,randomized_range,intersection_inverse,154.523630000,16.043681000,0.200302000,20.105197000,1.141498000,37.490678000,0.333451122,0.000869534,383.482592572,0.891826661,465124,ok
4097,4150,true,4,4,1,2049,341,randomized_range,svd_pseudoinverse,154.523630000,16.043681000,0.200302000,96.103161000,1.421835000,113.768979000,0.002647237,0.000869534,3.044431766,1.000000000,465124,ok
4097,4150,true,4,5,1,2049,204,matrix_norms,intersection_inverse,154.523630000,1.870305000,0.167043000,4.045126000,0.902101000,6.984575000,0.042214826,0.001885221,22.392510573,1.000000000,166464,ok
4097,4150,true,4,5,1,2049,204,matrix_norms,svd_pseudoinverse,154.523630000,1.870305000,0.167043000,48.509045000,1.097634000,51.644027000,0.005312936,0.001885221,2.818203841,1.000000000,166464,ok
4097,4150,true,4,5,1,2049,204,randomized_range,intersection_inverse,154.523630000,10.585173000,0.157755000,3.818261000,0.914914000,15.476103000,0.042214829,0.001885221,22.392512549,1.000000000,166464,ok
4097,4150,true,4,5,1,2049,204,randomized_range,svd_pseudoinverse,154.523630000,10.585173000,0.157755000,47.961712000,1.081850000,59.786490000,0.005321752,0.001885221,2.822880163,1.000000000,166464,ok
4097,4150,true,4,6,2,1025,85,matrix_norms,intersection_inverse,154.523630000,1.684839000,0.109750000,0.405456000,0.717187000,2.917232000,0.182027832,0.001761633,103.329053616,0.832292535,28900,ok
4097,4150,true,4,6,2,1025,85,matrix_norms,svd_pseudoinverse,154.523630000,1.684839000,0.109750000,16.117857000,0.774910000,18.687356000,0.005051520,0.001761633,2.867521936,1.000000000,28900,ok
4097,4150,true,4,6,2,1025,85,randomized_range,intersection_inverse,154.523630000,5.723292000,0.111433000,0.400061000,0.724654000,6.959440000,0.182027832,0.001761633,103.329053616,0.832292535,28900,ok
4097,4150,true,4,6,2,1025,85,randomized_range,svd_pseudoinverse,154.523630000,5.723292000,0.111433000,14.549056000,0.722442000,21.106223000,0.005051520,0.001761633,2.867521936,1.000000000,28900,ok
4097,4150,true,4,7,2,1025,51,matrix_norms,intersection_inverse,154.523630000,1.697664000,0.102675000,0.128402000,0.653898000,2.582639000,0.052791473,0.003812205,13.848014117,1.000000000,10404,ok
4097,4150,true,4,7,2,1025,51,matrix_norms,svd_pseudoinverse,154.523630000,1.697664000,0.102675000,7.873694000,0.735746000,10.409779000,0.010827601,0.003812205,2.840246042,1.000000000,10404,ok
4097,4150,true,4,7,2,1025,51,randomized_range,intersection_inverse,154.523630000,4.571855000,0.115467000,0.163345000,0.667325000,5.517992000,0.052791473,0.003812205,13.848014117,1.000000000,10404,ok
4097,4150,true,4,7,2,1025,51,randomized_range,svd_pseudoinverse,154.523630000,4.571855000,0.115467000,7.823805000,0.725785000,13.236912000,0.010827601,0.003812205,2.840246042,1.000000000,10404,ok
4097,4150,true,4,8,2,1025,170,matrix_norms,intersection_inverse,154.523630000,1.740455000,0.151608000,2.545476000,0.864829000,5.302368000,0.018376591,0.000618954,29.689748391,1.000000000,115600,ok
4097,4150,true,4,8,2,1025,170,matrix_norms,svd_pseudoinverse,154.523630000,1.740455000,0.151608000,34.856860000,1.075034000,37.823957000,0.001973575,0.000618954,3.188564120,1.000000000,115600,ok
4097,4150,true,4,8,2,1025,170,randomized_range,intersection_inverse,154.523630000,8.910452000,0.171510000,2.227550000,0.829713000,12.139225000,0.018376591,0.000618954,29.689748391,1.000000000,115600,ok
4097,4150,true,4,8,2,1025,170,randomized_range,svd_pseudoinverse,154.523630000,8.910452000,0.171510000,36.490962000,1.116627000,46.689551000,0.001973575,0.000618954,3.188564120,1.000000000,115600,ok
4097,4150,true,4,9,2,1025,102,matrix_norms,intersection_inverse,154.523630000,1.746613000,0.145541000,0.634831000,0.740685000,3.267670000,0.034006760,0.001337960,25.416870632,1.000000000,41616,ok
4097,4150,true,4,9,2,1025,102,matrix_norms,svd_pseudoinverse,154.523630000,1.746613000,0.145541000,19.852653000,0.795890000,22.540697000,0.003882106,0.001337960,2.901511095,1.000000000,41616,ok
4097,4150,true,4,9,2,1025,102,randomized_range,intersection_inverse,154.523630000,6.149827000,0.159185000,0.609110000,0.739849000,7.657971000,0.034006760,0.001337960,25.416870632,1.000000000,41616,ok
4097,4150,true,4,9,2,1025,102,randomized_range,svd_pseudoinverse,154.523630000,6.149827000,0.159185000,17.921513000,0.775702000,25.006227000,0.003882106,0.001337960,2.901511095,1.000000000,41616,ok
4097,4150,true,4,10,2,1025,341,matrix_norms,intersection_inverse,154.523630000,1.722569000,0.158905000,20.239664000,1.043401000,23.164539000,0.054219037,0.000213855,253.531560662,1.000000000,465124,ok
4097,4150,true,4,10,2,1025,341,matrix_norms,svd_pseudoinverse,154.523630000,1.722569000,0.158905000,95.083105000,1.417672000,98.382251000,0.002704046,0.000213855,12.644287812,1.000000000,465124,ok
4097,4150,true,4,10,2,1025,341,randomized_range,intersection_inverse,154.523630000,15.958734000,0.182655000,20.060658000,1.096265000,37.298312000,0.054219037,0.000213855,253.531560662,1.000000000,465124,ok
4097,4150,true,4,10,2,1025,341,randomized_range,svd_pseudoinverse,154.523630000,15.958734000,0.182655000,96.884968000,1.353390000,114.379747000,0.002704046,0.000213855,12.644287812,1.000000000,465124,ok
4097,4150,true,4,11,2,1025,204,matrix_norms,intersection_inverse,154.523630000,1.898275000,0.175655000,4.131386000,0.911246000,7.116562000,0.173212767,0.000469733,368.747029507,0.555936682,166464,ok
4097,4150,true,4,11,2,1025,204,matrix_norms,svd_pseudoinverse,154.523630000,1.898275000,0.175655000,48.033493000,1.099984000,51.207407000,0.001655756,0.000469733,3.524884457,1.000000000,166464,ok
4097,4150,true,4,11,2,1025,204,randomized_range,intersection_inverse,154.523630000,10.645712000,0.165658000,4.043654000,0.903528000,15.758552000,0.173212767,0.000469733,368.747029507,0.555936682,166464,ok
4097,4150,true,4,11,2,1025,204,randomized_range,svd_pseudoinverse,154.523630000,10.645712000,0.165658000,48.389337000,1.103732000,60.304439000,0.001655756,0.000469733,3.524884457,1.000000000,166464,ok
4097,4150,true,4,12,3,513,85,matrix_norms,intersection_inverse,154.523630000,1.699484000,0.114988000,0.387364000,0.709835000,2.911671000,0.040583026,0.000439609,92.316173902,0.931581069,28900,ok
4097,4150,true,4,12,3,513,85,matrix_norms,svd_pseudoinverse,154.523630000,1.699484000,0.114988000,16.168402000,0.772802000,18.755676000,0.001413661,0.000439609,3.215723795,1.000000000,28900,ok
4097,4150,true,4,12,3,513,85,randomized_range,intersection_inverse,154.523630000,5.663593000,0.137021000,0.374945000,0.674724000,6.850283000,0.040583026,0.000439609,92.316173902,0.931581069,28900,ok
4097,4150,true,4,12,3,513,85,randomized_range,svd_pseudoinverse,154.523630000,5.663593000,0.137021000,14.679235000,0.760354000,21.240203000,0.001413661,0.000439609,3.215723795,1.000000000,28900,ok
4097,4150,true,4,13,3,513,51,matrix_norms,intersection_inverse,154.523630000,1.734010000,0.121008000,0.136417000,0.680147000,2.671582000,0.027724179,0.000953051,29.089936331,1.000000000,10404,ok
4097,4150,true,4,13,3,513,51,matrix_norms,svd_pseudoinverse,154.523630000,1.734010000,0.121008000,7.902988000,0.720799000,10.478805000,0.002811840,0.000953051,2.950358093,1.000000000,10404,ok
4097,4150,true,4,13,3,513,51,randomized_range,intersection_inverse,154.523630000,4.603650000,0.109985000,0.130368000,0.653417000,5.497420000,0.027724179,0.000953051,29.089936331,1.000000000,10404,ok
4097,4150,true,4,13,3,513,51,randomized_range,svd_pseudoinverse,154.523630000,4.603650000,0.109985000,7.812661000,0.720161000,13.246457000,0.002811840,0.000953051,2.950358093,1.000000000,10404,ok
4097,4150,true,4,14,3,513,170,matrix_norms,intersection_inverse,154.523630000,1.718918000,0.150128000,2.476447000,0.852755000,5.198248000,0.056272287,0.000152265,369.569271120,0.462700807,115600,ok
4097,4150,true,4,14,3,513,170,matrix_norms,svd_pseudoinverse,154.523630000,1.718918000,0.150128000,34.735360000,1.081782000,37.686188000,0.003508716,0.000152265,23.043557160,1.000000000,115600,ok
4097,4150,true,4,14,3,513,170,randomized_range,intersection_inverse,154.523630000,9.038230000,0.166036000,2.454877000,0.837907000,12.497050000,0.056272287,0.000152265,369.569271120,0.462700807,115600,ok
4097,4150,true,4,14,3,513,170,randomized_range,svd_pseudoinverse,154.523630000,9.038230000,0.166036000,36.323169000,1.149861000,46.677296000,0.003508716,0.000152265,23.043557160,1.000000000,115600,ok
4097,4150,true,4,15,3,513,102,matrix_norms,intersection_inverse,154.523630000,1.755658000,0.142943000,0.641523000,0.716114000,3.256238000,0.018369865,0.000333385,55.101074403,1.000000000,41616,ok
4097,4150,true,4,15,3,513,102,matrix_norms,svd_pseudoinverse,154.523630000,1.755658000,0.142943000,19.901444000,0.790708000,22.590753000,0.001760736,0.000333385,5.281392075,1.000000000,41616,ok
4097,4150,true,4,15,3,513,102,randomized_range,intersection_inverse,154.523630000,6.253212000,0.136687000,0.618432000,0.704065000,7.712396000,0.018369865,0.000333385,55.101074403,1.000000000,41616,ok
4097,4150,true,4,15,3,513,102,randomized_range,svd_pseudoinverse,154.523630000,6.253212000,0.136687000,18.015844000,0.793162000,25.198905000,0.001760736,0.000333385,5.281392075,1.000000000,41616,ok
4097,4150,true,4,16,4,257,85,matrix_norms,intersection_inverse,154.523630000,1.732600000,0.112823000,0.400265000,0.714100000,2.959788000,0.136765331,0.000108166,1264.398553907,0.068016528,28900,ok
4097,4150,true,4,16,4,257,85,matrix_norms,svd_pseudoinverse,154.523630000,1.732600000,0.112823000,14.690323000,0.784801000,17.320547000,0.003255362,0.000108166,30.095898331,1.000000000,28900,ok
4097,4150,true,4,16,4,257,85,randomized_range,intersection_inverse,154.523630000,5.727926000,0.147480000,0.394405000,0.705391000,6.975202000,0.136765331,0.000108166,1264.398553907,0.068016528,28900,ok
4097,4150,true,4,16,4,257,85,randomized_range,svd_pseudoinverse,154.523630000,5.727926000,0.147480000,14.674368000,0.759644000,21.309418000,0.003255362,0.000108166,30.095898331,1.000000000,28900,ok
4097,4150,true,4,17,4,257,51,matrix_norms,intersection_inverse,154.523630000,1.724301000,0.105076000,0.128058000,0.650429000,2.607864000,0.022506960,0.000237490,94.770145465,0.548696003,10404,ok
4097,4150,true,4,17,4,257,51,matrix_norms,svd_pseudoinverse,154.523630000,1.724301000,0.105076000,7.936738000,0.726040000,10.492155000,0.001370370,0.000237490,5.770222118,1.000000000,10404,ok
4097,4150,true,4,17,4,257,51,randomized_range,intersection_inverse,154.523630000,4.619946000,0.115171000,0.139273000,0.681599000,5.555989000,0.022506960,0.000237490,94.770145465,0.548696003,10404,ok
4097,4150,true,4,17,4,257,51,randomized_range,svd_pseudoinverse,154.523630000,4.619946000,0.115171000,7.866927000,0.748115000,13.350159000,0.001370370,0.000237490,5.770222118,1.000000000,10404,ok
